Protein,SD,L41,L87,H105,L38,H60,H45
12E8_1,5.700474316835,GLY,PHE,GLN,GLN,VAL,LEU
15C8_1,0.56744265795497,GLY,TYR,GLN,GLN,ASP,LEU
1A2Y_1,1.53725954218698,GLY,TYR,GLN,GLN,ASN,LEU
1A3L_1,0.262747390047932,GLY,TYR,GLN,GLN,ASN,PHE
1A3R_1,1.82712856724698,GLY,TYR,PRO,GLN,ASP,LEU
1A4J_1,0.802862474388053,GLY,PHE,ALA,GLN,ALA,LEU
1A4K_1,2.47042603249925,GLY,PHE,ALA,GLN,ALA,LEU
1A6T_1,1.92204987444668,GLY,TYR,GLN,GLN,ASN,LEU
1A6U_1,0.888884437377716,ASP,PHE,GLN,GLU,ASN,LEU
1ACY_1,1.05599114570365,GLY,TYR,GLN,GLN,SER,LEU
1AD0_1,0.0250549145777812,GLY,TYR,GLN,GLN,SER,LEU
1AD9_1,4.1802300283982,GLY,TYR,GLN,GLN,ASN,LEU
1AFV_1,0.238492975158599,GLY,PHE,GLN,GLN,ASN,LEU
1AHW_1,0.325886309320188,TRP,TYR,GLN,GLN,ASP,LEU
1AIF_1,1.77570302033814,GLU,TYR,GLN,GLN,ALA,LEU
1AJ7_1,0.159502076632253,ASP,TYR,GLN,GLN,ASP,LEU
1AP2_1,0.892806456954978,GLY,TYR,ALA,GLN,ALA,LEU
1AR1_1,2.10780362311322,GLY,TYR,GLN,GLN,PRO,LEU
1AXS_1,0.545885727969234,GLY,TYR,GLN,GLN,ASN,LEU
1AXT_1,1.30729109929656,GLY,PHE,GLN,GLN,ALA,LEU
1AY1_1,0.584172731743363,GLY,TYR,GLN,GLN,ASN,LEU
1BBJ_1,0.00155351359826355,GLY,TYR,GLN,GLN,ASN,LEU
1BEY_1,0.799463412090884,GLY,TYR,GLN,GLN,ASN,LEU
1BFO_1,0.243785502027226,GLY,PHE,GLN,GLN,ASN,PRO
1BFV_1,1.39267715616375,GLY,PHE,GLN,GLN,PRO,LEU
1BJ1_1,0.282260056486924,GLY,TYR,GLN,GLN,ALA,LEU
1BLN_1,0.696408255587196,GLY,TYR,GLN,GLN,PRO,LEU
1BOG_1,2.02080370583319,GLY,TYR,GLN,GLN,ASN,LEU
1BQL_1,0.539655410120198,GLY,TYR,GLN,GLN,HIS,LEU
1BVK_1,0.776048823508117,GLY,TYR,GLN,GLN,ASN,LEU
1C08_1,0.835087244348158,HIS,PHE,GLN,GLN,ASN,LEU
1C5B_1,0.110247139575137,ASP,TYR,GLN,GLN,ASN,LEU
1C5D_1,0.663883464972958,GLY,TYR,PRO,GLN,ASN,LEU
1CBV_1,6.31136289276037,GLY,PHE,GLN,GLN,ALA,LEU
1CF8_1,0.491832830707072,GLY,PHE,GLN,GLN,ASN,LEU
1CGS_1,1.63544135347078,GLY,PHE,GLN,GLN,ARG,LEU
1CK0_1,0.270932698006967,GLY,TYR,GLN,GLN,ALA,LEU
1CLY_1,0.154586977396225,GLY,TYR,GLN,GLN,PRO,LEU
1CR9_1,3.29073495249952,GLY,TYR,GLN,GLN,ALA,LEU
1CT8_1,0.311733681340338,HIS,PHE,GLN,GLN,ASN,LEU
1CZ8_1,0.364284443104558,GLY,TYR,GLN,GLN,ALA,LEU
1D5B_1,0.539518938511427,GLY,TYR,GLN,GLN,ASN,LEU
1D5I_1,0.927919258388356,GLY,TYR,GLN,GLN,ASN,LEU
1DBA_1,0.990152172842874,GLY,PHE,ALA,GLN,VAL,LEU
1DEE_1,1.17651759281832,GLY,TYR,GLN,GLN,ALA,LEU
1DLF_1,1.42230123155481,GLY,PHE,GLN,GLN,ALA,LEU
1DN0_1,0.805748490031266,GLY,TYR,GLN,GLN,ASN,LEU
1DQJ_1,0.544375821199565,HIS,PHE,ALA,GLN,HIS,LEU
1E4W_1,0.764432635044123,ASP,PHE,GLN,GLN,ASN,LEU
1E6J_1,3.81586073247989,GLY,TYR,GLN,GLN,ASN,LEU
1EHL_1,0.844015381946325,GLY,TYR,GLN,GLN,ASN,LEU
1ETZ_1,1.3599402884899,ASP,PHE,GLN,GLU,ASN,LEU
1EZV_1,0.794432334797935,ASP,PHE,GLN,GLN,ASN,LEU
1F11_1,0.161716027964145,GLY,TYR,GLN,GLN,ASN,LEU
1F3D_1,0.504802823982294,GLY,TYR,GLN,GLN,ASN,LEU
1F4W_1,1.81990587719283,ASP,PHE,ARG,GLU,PRO,LEU
1F58_1,0.471498907656564,GLY,TYR,GLN,GLN,ASN,LEU
1F8T_1,0.711854935546796,GLY,TYR,GLN,GLN,ASN,LEU
1FAI_1,0.370081304496726,ASP,PHE,GLN,GLN,ASN,LEU
1FBI_1,0.130306344743837,ASP,PHE,GLN,LYS,ASN,LEU
1FE8_1,1.18542936028386,ASP,PHE,GLN,GLN,HIS,LEU
1FJ1_1,0.281219902411792,GLY,TYR,GLN,HIS,ALA,LEU
1FL3_1,1.25899725994162,GLY,TYR,GLN,GLN,PRO,LEU
1FL5_1,0.511469528770044,GLY,TYR,GLN,GLN,SER,LEU
1FN4_1,4.52830192722372,GLY,PHE,PRO,GLN,ASN,PRO
1FOR_1,0.660840077386733,GLY,TYR,GLN,GLN,ASN,LEU
1FPT_1,0.00163817947734601,GLY,PHE,GLN,GLN,ASN,LEU
1FSK_1,0.0654852368572491,ASP,HIS,GLN,GLN,ASN,LEU
1FVC_1,2.16128318650696,GLY,TYR,GLN,GLN,ALA,LEU
1FVD_1,1.43950960036327,GLY,TYR,GLN,GLN,ALA,LEU
1FVE_1,0.455248073649963,GLY,TYR,GLN,GLN,ALA,LEU
1G9M_1,0.167967559016618,GLY,TYR,GLN,GLN,ALA,LEU
1GAF_1,1.56377654608899,ASP,TYR,GLN,GLN,ASP,LEU
1GGB_1,1.9762658726806,GLY,TYR,GLN,GLN,ASN,LEU
1GGI_1,1.77166876818496,GLY,TYR,GLN,GLN,ASN,LEU
1GIG_1,0.745394448426414,ASP,PHE,GLN,GLU,ASN,LEU
1GPO_1,0.29030622455004,HIS,PHE,GLN,GLN,ASN,LEU
1HEZ_1,1.48468665261327,GLY,TYR,GLN,GLN,ALA,LEU
1HIL_1,0.800655312209444,GLY,TYR,GLN,GLN,PRO,LEU
1HYS_1,2.16634260235241,GLU,TYR,GLN,GLN,ASN,LEU
1HZH_1,0.616576368745835,GLY,TYR,LYS,HIS,SER,PHE
1I7Z_1,0.200828932458695,GLY,TYR,GLN,GLN,ALA,LEU
1I8I_1,0.315947330649427,GLY,TYR,GLN,GLN,SER,LEU
1I8M_1,1.42359974968591,GLY,TYR,GLN,GLN,ASN,LEU
1I9I_1,0.689519621324879,GLY,TYR,GLN,GLN,SER,LEU
1I9R_1,0.235702835013353,GLY,TYR,GLN,GLN,ASN,LEU
1IGF_1,1.37862196216331,GLY,TYR,GLN,GLN,PRO,LEU
1IGI_1,0.913739668754911,GLY,PHE,HIS,GLN,ASN,LEU
1IGT_1,1.84491088858026,GLY,TYR,GLN,GLN,PRO,LEU
1IGY_1,0.403284917620907,GLU,HIS,GLN,GLN,ASN,LEU
1IND_1,0.798028692431862,ASP,PHE,HIS,GLU,SER,LEU
1J05_1,0.358826285860583,GLY,TYR,GLN,GLN,VAL,LEU
1JGU_1,0.512223909650846,GLY,PHE,ALA,GLN,LEU,LEU
1JN6_1,0.31617178938751,ASP,ILE,GLN,GLU,THR,LEU
1JNL_1,1.33994967267898,GLY,TYR,GLN,GLN,ASP,LEU
1JPS_1,0.33614815197308,GLY,TYR,GLN,GLN,ASP,LEU
1K4C_1,0.558473181944217,ASN,TYR,ALA,GLN,ASN,LEU
1KC5_1,0.216758634025266,GLU,HIS,ALA,GLN,ASN,LEU
1KCS_1,1.12510234828325,GLY,TYR,THR,GLN,ASN,LEU
1KEL_1,1.03993416491646,GLY,TYR,GLN,GLN,SER,LEU
1KEN_1,0.264509554958792,GLY,PHE,GLN,GLN,ASN,LEU
1KFA_1,0.263028166252209,GLY,PHE,GLN,GLN,PRO,LEU
1KN2_1,0.121703232694536,GLY,TYR,GLN,GLN,ASN,LEU
1KNO_1,0.719916935905108,ASP,TYR,GLN,GLN,ALA,LEU
1L7I_1,0.786082466595796,GLY,TYR,GLN,GLN,ASN,LEU
1L7T_1,0.140000071607123,GLY,TYR,GLN,GLN,SER,LEU
1LK3_1,0.729321954931084,GLY,PHE,GLN,GLN,ASN,LEU
1LO0_1,0.457196486479245,GLY,TYR,GLN,GLN,PRO,LEU
1M71_1,0.980892740734003,GLY,PHE,GLN,GLN,ALA,LEU
1MCP_1,0.345054674190196,GLY,TYR,ALA,GLN,SER,LEU
1MF2_1,0.497602844833107,GLY,PHE,GLN,GLN,ALA,LEU
1MFB_1,0.385821534239602,ASP,PHE,GLN,GLU,ASN,LEU
1MH5_1,0.165177315658052,GLY,TYR,GLN,GLN,ASN,LEU
1MHH_1,1.67602707917562,GLY,TYR,ALA,GLN,ALA,LEU
1MHP_1,0.618455389815629,GLY,TYR,GLN,GLN,LEU,LEU
1MIM_1,0.88143637373754,GLY,TYR,GLN,GLN,ASN,LEU
1MJJ_1,0.955794551937286,GLY,TYR,GLN,GLN,ASN,LEU
1MLB_1,0.918754173937188,HIS,PHE,GLN,GLN,ASN,LEU
1MNU_1,2.16153712417676,GLY,PHE,GLN,GLN,THR,LEU
1MRD_1,0.50425430038457,GLY,PHE,GLN,GLN,ASN,LEU
1N5Y_1,0.778909638520605,GLU,TYR,GLN,GLN,ASN,LEU
1N7M_1,2.14302375043603,GLY,PHE,ALA,GLN,ASN,LEU
1NAK_1,0.262544505213877,GLY,PHE,ALA,GLN,ASN,PHE
1NC2_1,0.834627395423202,ASP,PHE,GLN,GLU,THR,LEU
1NCA_1,0.708653223717002,GLY,TYR,GLN,GLN,GLY,LEU
1NCB_1,0.945536823841624,GLY,TYR,GLN,GLN,GLY,LEU
1NCW_1,0.767520297049329,GLY,TYR,GLN,GLN,ASN,LEU
1NGP_1,0.0950104026541272,ASP,PHE,GLN,GLU,ASN,LEU
1NGW_1,0.685219655203131,GLY,PHE,ALA,GLN,ASN,LEU
1NJ9_1,1.79198606732879,ASP,PHE,GLN,GLU,ASN,LEU
1NL0_1,1.12090555469421,GLY,TYR,ARG,GLN,ALA,LEU
1NMC_1,0.000297691954881581,ASP,PHE,GLN,GLN,ASN,LEU
1OAQ_1,1.09603397008021,ASP,PHE,GLN,GLU,ASN,LEU
1OAX_1,34.6803038980325,ARG,PHE,GLN,GLU,ASN,LEU
1OB1_1,0.660066502568113,GLY,TYR,GLN,GLN,ALA,LEU
1OCW_1,6.15257711529746,ASP,PHE,GLN,GLU,ASN,LEU
1OM3_1,10.5948039020082,GLY,HIS,PRO,GLN,ALA,LEU
1ORS_1,0.617997708871426,GLY,TYR,GLN,GLN,ASN,LEU
1OTS_1,1.69558053726026,GLY,TYR,ALA,GLN,THR,LEU
1P2C_1,0.252841585962439,HIS,PHE,GLN,GLN,ASN,LEU
1PG7_1,0.0091782460198006,ASP,PHE,GLN,GLU,ASN,LEU
1PKQ_1,0.167870685387594,GLY,TYR,GLN,GLN,ASN,LEU
1Q0X_1,0.332669698917712,ASP,PHE,GLN,GLU,ASN,LEU
1Q1J_1,1.00326634840112,GLY,PHE,LYS,GLN,ALA,LEU
1Q72_1,0.517298929545287,GLY,TYR,GLN,GLN,THR,LEU
1Q9K_1,0.659540461160634,GLY,TYR,GLN,GLN,SER,LEU
1Q9O_1,0.402173375081777,GLY,TYR,GLN,GLN,SER,LEU
1QBL_1,1.10698416114791,GLY,TYR,GLN,GLN,ASP,LEU
1R24_1,0.96494124813094,ASP,PHE,GLN,GLN,ALA,LEU
1RHH_1,1.33606781415179,GLY,TYR,GLN,GLN,ALA,LEU
1RZ7_1,0.626416094626693,GLY,TYR,GLN,GLN,ALA,LEU
1RZ8_1,0.821988342225397,GLY,TYR,GLN,GLN,ALA,LEU
1RZG_1,0.873417589014838,GLY,TYR,ARG,GLN,ALA,LEU
1RZI_1,1.9307782897855,GLY,TYR,GLN,GLN,ALA,LEU
1S3K_1,0.749006642139665,GLY,TYR,GLN,GLN,PRO,LEU
1T04_1,0.992078525784294,GLY,TYR,GLN,GLN,ASN,LEU
1T4K_1,0.32801622919072,GLY,TYR,GLN,GLN,ALA,LEU
1T66_1,0.227991025244418,GLY,PHE,GLN,GLN,SER,LEU
1TET_1,1.19234466764019,GLY,TYR,THR,GLN,ALA,PHE
1TJG_1,0.54507703467109,GLY,TYR,GLN,GLN,SER,LEU
1TPX_1,0.38490784221984,GLY,PHE,GLN,GLN,ALA,PHE
1TZG_1,1.04420001922197,GLY,TYR,GLN,GLN,ALA,LEU
1TZH_1,0.352165339981802,GLY,TYR,GLN,GLN,ALA,LEU
1U6A_1,0.536124252607859,GLY,TYR,GLN,GLN,SER,LEU
1UA6_1,0.858780478644283,HIS,PHE,GLN,GLN,ASN,LEU
1UB5_1,1.12162055449269,GLY,TYR,GLN,GLN,PRO,LEU
1UB6_1,2.02446085667271,GLY,TYR,GLN,GLN,PRO,LEU
1UWG_1,1.07215136408089,GLY,PHE,PRO,GLN,ASN,LEU
1UWX_1,0.0327574287452484,GLY,TYR,GLN,GLN,ALA,LEU
1UYW_1,0.41023153463928,GLU,HIS,ALA,GLN,SER,LEU
1UZ6_1,1.78977646951285,GLY,TYR,GLN,GLN,THR,LEU
1V7M_1,1.25411895829831,GLY,TYR,GLN,GLN,ALA,LEU
1W72_1,0.665098981529819,GLY,TYR,GLN,GLN,ALA,LEU
1WC7_1,0.497942444357043,GLY,TYR,GLN,GLN,SER,LEU
1WT5_1,2.8354288960935,GLY,TYR,GLN,GLN,ALA,LEU
1XGY_1,0.341255389454877,GLY,TYR,GLN,GLN,ASN,LEU
1Y0L_1,1.27837073037633,ASP,PHE,GLN,GLU,MET,LEU
1Y18_1,2.28865440865827,ASP,PHE,GLN,GLU,MET,LEU
1YEC_1,0.422832949997593,GLY,TYR,GLN,GLN,ASN,LEU
1YED_1,0.0956531627182308,GLY,TYR,GLN,GLN,ASN,LEU
1YNT_1,0.0348264231870018,ASP,PHE,GLN,GLN,ASN,LEU
1YUH_1,0.63185718463946,ASP,PHE,GLN,GLU,ASN,LEU
1YY8_1,0.599459968732276,ASN,TYR,GLN,GLN,ASN,LEU
1Z3G_1,0.64022650050158,GLY,TYR,GLN,GLN,ASN,LEU
1ZA3_1,0.251440100322124,GLY,TYR,GLN,GLN,ALA,LEU
1ZA6_1,0.750825111206111,GLY,TYR,GLN,GLN,ASN,LEU
1ZVO_1,0.000438406204334135,GLY,TYR,GLN,GLN,ASN,LEU
2A1W_1,1.33106866112822,GLY,TYR,ALA,GLN,PRO,LEU
2A6D_1,1.58965586032511,ASP,PHE,GLN,GLN,ASN,LEU
2A9M_1,0.127812379126593,GLY,TYR,GLN,GLN,ALA,LEU
2A9N_1,0.364569407137381,GLY,TYR,GLN,GLN,ALA,LEU
2ADG_1,0.0995053164827551,GLY,TYR,GLN,GLN,PRO,LEU
2AJ3_1,0.879111036616536,GLY,TYR,ARG,LEU,ASN,LEU
2AJS_1,1.01253955335183,GLY,TYR,GLN,GLN,ASN,LEU
2ARJ_1,0.507079707817718,GLY,TYR,PRO,GLN,ASN,LEU
2B0S_1,0.802119223829601,GLY,TYR,GLN,HIS,SER,LEU
2B2X_1,0.514162089338078,GLY,TYR,GLN,GLN,LEU,LEU
2BRR_1,0.927760866469373,GLY,TYR,GLN,GLN,ALA,LEU
2C1O_1,1.18529088777003,GLY,TYR,GLN,GLN,ASN,LEU
2DD8_1,0.970417888467298,GLY,TYR,GLN,GLN,ALA,LEU
2DQF_1,1.99651811800056,HIS,PHE,GLN,GLN,ASN,LEU
2DQT_1,0.762069484181395,GLY,TYR,ALA,GLN,LEU,LEU
2EH7_1,2.52211483109721,GLY,TYR,GLN,GLN,ALA,LEU
2FAT_1,2.432769122813,GLY,TYR,GLN,GLN,ASN,LEU
2FB4_1,1.51512689243657,GLY,TYR,GLN,GLN,ALA,LEU
2FJF_1,1.32138712495238,GLY,TYR,GLN,GLN,ALA,LEU
2FJH_1,0.0211340074761033,GLY,TYR,GLN,GLN,ALA,LEU
2FL5_1,0.53068060103638,GLY,TYR,GLN,GLU,SER,LEU
2G2R_1,0.61628527910417,GLY,PHE,HIS,GLN,ASN,LEU
2G5B_1,0.6340500950479,GLY,TYR,ALA,GLN,GLY,LEU
2GFB_1,0.46591611079525,ASP,TYR,GLN,GLN,ALA,LEU
2GJZ_1,0.215979893351983,GLY,TYR,GLN,GLN,ASN,LEU
2GSG_1,1.71340599784231,LEU,ILE,GLN,GLN,PRO,LEU
2GSI_3,1.16218727052937,GLY,TYR,GLN,GLN,VAL,LEU
2H9G_1,0.625495344929119,GLY,TYR,GLN,GLN,ALA,LEU
2HKF_1,2.86732153324536,GLY,PHE,GLN,GLN,ALA,LEU
2I9L_1,0.682963598282515,GLY,TYR,GLN,GLN,ASN,LEU
2IPU_1,0.663942838008162,GLY,TYR,GLN,GLN,ASN,LEU
2IQA_1,0.990573868948954,GLY,TYR,GLN,GLN,ASN,LEU
2J4W_1,1.3899746490208,GLY,TYR,GLN,GLN,VAL,LEU
2J6E_1,0.925793695404115,GLY,TYR,GLN,GLN,ASN,LEU
2JIX_1,2.50866798494161,GLY,TYR,GLN,GLN,ASN,LEU
2LTQ_1,0.100606445720442,GLY,TYR,GLN,GLN,PRO,LEU
2LTQ_2,0.0136365542751851,GLY,TYR,GLN,GLN,PRO,LEU
2NR6_1,0.925109216039921,GLY,TYR,GLN,GLN,GLY,LEU
2NTF_1,1.90594192979229,ASP,PHE,GLN,GLU,ASP,LEU
2NZ9_1,0.291784077722726,GLY,TYR,GLN,GLN,SER,LEU
2O5X_1,0.394601651922966,GLY,PHE,GLN,GLN,ALA,LEU
2OJZ_1,0.345513700183267,GLY,TYR,GLU,GLN,ASN,LEU
2OR9_1,4.00456136942768,GLY,PHE,GLN,GLN,PRO,LEU
2OSL_1,1.44848784645586,GLY,TYR,ALA,GLN,ASN,LEU
2P8M_1,0.405682330457056,GLY,TYR,GLN,GLN,SER,LEU
2PCP_1,2.08511576925611,GLY,TYR,GLN,GLN,ASN,LEU
2Q76_1,0.393415828275883,HIS,PHE,GLN,GLN,ASN,LEU
2QAD_1,0.201374111786995,GLY,TYR,ARG,GLN,ALA,LEU
2QQK_1,0.999873737335119,GLY,TYR,GLN,GLN,ALA,LEU
2QR0_1,0.43196531283457,GLY,TYR,GLN,GLN,ALA,LEU
2R29_1,0.00448283217769088,GLY,TYR,GLN,GLN,ASP,LEU
2R4R_1,0.723834172426254,GLY,TYR,GLN,GLN,ASN,PHE
2R56_1,1.13389027135984,GLY,TYR,ARG,GLN,ALA,LEU
2RCJ_1,59.2176569370778,GLY,TYR,GLN,GLN,ALA,LEU
2UUD_1,1.67236976290293,GLY,TYR,GLN,GLN,SER,LEU
2UYL_1,0.346897762295561,GLY,TYR,GLN,GLN,ASN,LEU
2V17_1,1.56911944492763,GLY,TYR,GLN,GLU,SER,LEU
2V7H_1,0.750812344224905,ASP,PHE,GLN,GLN,ASN,LEU
2V7N_1,0.704070715006668,GLY,TYR,GLN,GLN,ALA,LEU
2VC2_1,0.815947549265202,GLY,TYR,GLN,GLN,ASP,LEU
2VL5_1,1.03832669698318,GLY,TYR,GLN,GLN,SER,LEU
2VQ1_1,1.18125652620441,GLY,PHE,GLN,GLN,ASN,LEU
2VWE_1,0.132731721003308,ASP,PHE,GLN,GLN,ASN,LEU
2VXS_1,0.911155326996448,GLY,TYR,GLN,GLN,ALA,LEU
2VXT_1,0.470446431669255,ASP,TYR,GLN,GLN,ASN,LEU
2W60_1,1.74365326744539,GLY,TYR,GLN,GLN,THR,LEU
2W9D_1,0.627292103260114,GLY,PHE,GLN,GLN,ASN,LEU
2WUB_1,0.791807250049109,GLY,TYR,GLN,GLN,ALA,LEU
2X7L_1,0.290696589646318,GLY,TYR,PRO,GLN,ALA,LEU
2XA8_1,0.524676039123427,GLY,TYR,GLN,GLN,ASN,LEU
2XKN_1,0.0813611204568878,ASP,PHE,GLN,GLN,PRO,LEU
2XQY_1,0.855924474355067,GLY,TYR,GLN,GLN,ASN,LEU
2XZA_1,0.08881190461025,GLY,TYR,GLN,GLN,ASN,LEU
2Y6S_1,0.101862974470609,GLY,TYR,GLN,GLN,THR,LEU
2YK1_1,0.847567886415005,GLY,TYR,GLN,GLN,ASN,LEU
2Z91_1,0.266251127254576,GLY,TYR,GLN,GLN,ASN,LEU
2ZCH_1,0.190778852039041,GLY,TYR,GLN,GLN,SER,LEU
2ZPK_1,1.97404202185376,ASP,PHE,GLN,GLU,ALA,LEU
3A6B_1,0.00304089159622724,HIS,PHE,GLN,GLN,ASN,LEU
3AAZ_1,0.724116234807988,GLY,TYR,GLN,GLN,ASN,LEU
3B2U_1,0.838061235444558,GLY,TYR,GLN,GLN,ASN,LEU
3B9K_1,0.311091628383024,GLY,TYR,GLN,GLN,ASN,LEU
3BAE_1,0.427578444758678,GLY,TYR,GLN,GLN,ASN,LEU
3BGF_1,1.66137213113514,ASP,TYR,GLN,GLU,ASN,LEU
3BN9_1,0.620974811276996,GLY,TYR,GLN,GLN,ALA,LEU
3BSZ_1,0.639698998842815,GLY,TYR,GLN,GLN,ASN,LEU
3BZ4_1,1.02957415367339,GLY,TYR,GLN,GLN,ALA,LEU
3C09_1,0.571147824833903,GLY,TYR,GLN,GLN,ASN,LEU
3CFB_1,2.66656968878751,GLY,TYR,GLN,GLN,PRO,LEU
3CFD_1,0.225727643347022,ASP,PHE,GLN,GLN,ASN,LEU
3CMO_1,0.977372185344202,ASP,TYR,GLN,GLN,ASN,LEU
3CSY_1,0.436876897998357,GLY,TYR,GLN,GLN,ALA,LEU
3CVH_1,1.42440408712076,GLY,TYR,GLN,GLN,ASN,LEU
3CXD_1,1.12227321405173,GLY,TYR,GLN,GLN,ALA,LEU
3DGG_1,1.92167652206621,GLY,TYR,GLN,GLN,ASN,LEU
3DIF_1,0.102405325371776,GLY,TYR,GLN,GLN,ASN,LEU
3DUR_1,2.71495133560816,GLY,TYR,GLN,GLN,SER,LEU
3DUS_1,1.18053842136912,GLY,TYR,GLN,GLN,SER,LEU
3DVN_1,0.416703683007484,GLY,TYR,GLN,GLN,ALA,LEU
3EFF_1,0.464682999431334,GLY,TYR,GLN,GLN,ALA,LEU
3EO0_1,1.37195922727888,GLY,TYR,GLN,GLN,ALA,LEU
3EO9_1,0.78093317940961,GLY,TYR,GLN,GLN,ASN,LEU
3FN0_1,1.1744760792796,GLY,TYR,SER,GLN,ASN,PRO
3FO1_1,0.137380948089608,GLY,TYR,GLN,GLN,ASN,LEU
3FO2_1,0.175314398473142,GLY,TYR,GLN,GLN,ASN,LEU
3FZU_1,0.593856559111712,GLY,TYR,GLN,GLN,ALA,LEU
3G5X_1,1.12117224879342,GLY,TYR,GLN,GLN,ASN,LEU
3G6A_1,1.88575994017858,GLY,TYR,GLN,GLN,ALA,LEU
3G6J_1,1.27555699365023,GLY,TYR,GLN,GLN,ALA,LEU
3GI8_1,0.651129379960697,GLY,PHE,GLN,GLN,ASN,LEU
3GJE_1,1.46025832849123,GLY,TYR,GLN,GLN,ALA,LEU
3GK8_1,0.000837678538184297,GLY,TYR,GLN,GLN,ASN,LEU
3H3P_1,0.204418913586779,GLY,TYR,GLN,GLN,ALA,LEU
3H42_1,0.765051353477657,GLY,TYR,GLN,GLN,ALA,LEU
3HAE_1,0.0557790059789523,GLY,TYR,GLN,GLN,ALA,LEU
3HC0_1,0.0273063425690824,GLY,PHE,GLN,GLN,ASN,LEU
3HI5_1,0.749781548143414,GLY,TYR,GLN,GLN,ALA,LEU
3HMW_1,1.24285613344747,GLU,TYR,GLN,GLN,SER,LEU
3HNS_1,0.1881338224279,ASP,PHE,GLN,GLN,LYS,LEU
3HR5_1,1.31928777431992,GLY,TYR,GLN,GLN,ALA,LEU
3HZK_1,0.349505583249157,GLY,TYR,GLN,GLN,SER,LEU
3I02_1,0.00251588592746044,GLY,TYR,GLN,GLN,SER,LEU
3IDX_1,1.03055479292903,GLY,TYR,GLN,GLN,ALA,LEU
3IET_1,0.0826317913426774,GLY,PHE,GLN,GLN,ALA,LEU
3IF1_1,0.13752873340688,GLY,PHE,GLN,GLN,ALA,LEU
3IFL_1,1.06521111102354,GLY,TYR,GLN,GLN,ASN,LEU
3IFO_1,0.238629446767365,GLY,TYR,GLN,GLN,ASN,LEU
3IFP_1,0.197077755444393,GLY,TYR,GLN,GLN,ASN,LEU
3IJH_1,0.460709558443976,GLY,TYR,GLN,GLN,SER,LEU
3INU_1,0.212269920178297,GLY,TYR,GLN,GLN,ALA,LEU
3IXT_1,0.614717726736929,GLY,TYR,GLN,GLN,ASN,LEU
3IXX_1,0.00426117280413206,GLY,TYR,ALA,GLN,SER,LEU
3IYW_1,0.00265160976264292,GLY,TYR,GLN,GLN,ALA,LEU
3J2X_1,0.00291153749270596,GLY,TYR,GLN,GLN,ASN,LEU
3J2Y_1,0.00358261681596061,GLY,TYR,THR,GLN,ASN,LEU
3J42_1,8.36006397827387,GLU,HIS,GLN,GLN,ALA,LEU
3J5M_1,1.9642996309485,GLY,TYR,ARG,LYS,SER,LEU
3J7E_1,0.00320524636338497,GLY,PHE,GLN,GLN,THR,LEU
3J8V_1,0.00241878859142339,GLY,HIS,GLN,GLN,ASN,LEU
3J8W_1,0.00140198011754809,GLY,TYR,GLN,GLN,THR,LEU
3J8Z_1,0.00157282304577803,GLY,PHE,GLN,GLN,THR,LEU
3KDM_1,1.18809566299204,GLY,TYR,GLN,GLN,ALA,LEU
3KS0_1,0.236852487426248,ASP,PHE,GLN,GLU,ASN,LEU
3KYK_1,2.51675169006455,GLY,TYR,ARG,GLN,ALA,LEU
3L5W_1,2.19216923212063,GLY,PHE,GLN,GLU,ASN,LEU
3L5X_1,0.642552312932313,GLY,TYR,GLN,GLN,ASN,LEU
3L95_1,1.91435725977415,GLY,TYR,GLN,GLN,ALA,LEU
3LD8_1,0.132834251486578,GLY,PHE,GLN,LEU,ASN,LEU
3LEX_1,0.197571291517768,GLY,TYR,GLN,GLN,ASN,LEU
3LHP_1,0.523333971396854,GLY,TYR,GLN,GLN,ALA,LEU
3LMJ_1,1.84498654900584,GLY,TYR,GLN,GLN,ALA,LEU
3LRS_1,1.85000450567586,GLY,PHE,LYS,GLN,SER,LEU
3LRS_3,0.127390236378226,GLY,PHE,LYS,GLN,SER,LEU
3LS4_1,0.410490335721194,GLY,TYR,ALA,GLN,PRO,LEU
3M8O_1,1.11636698905251,GLY,TYR,GLN,GLN,ALA,LEU
3MA9_1,0.353579553544182,GLY,TYR,GLN,GLN,ALA,LEU
3MAC_1,0.485910345002555,GLY,TYR,GLN,GLN,ALA,LEU
3MCK_1,0.375771392764937,GLY,TYR,GLN,GLN,ASN,LEU
3MCL_1,1.48327455660182,GLY,PHE,GLN,GLN,ASN,LEU
3MJ8_1,0.45397521424523,GLY,TYR,GLN,GLN,ASN,LEU
3MLW_1,0.504816966117917,GLY,TYR,GLN,GLN,SER,LEU
3MLX_1,0.697579071271495,GLY,TYR,GLN,GLN,ASN,LEU
3MME_1,0.147361053199275,GLY,PHE,LYS,GLN,SER,LEU
3MUG_1,0.526273380147112,GLY,PHE,LYS,GLN,SER,LEU
3MXV_1,1.18369250906559,GLY,PHE,GLN,GLN,ASN,LEU
3NA9_1,1.24298358676385,GLY,TYR,GLN,GLN,ALA,LEU
3NCY_1,0.230825109223413,GLY,TYR,GLN,GLN,ASN,LEU
3NFP_1,1.92618433772169,GLY,TYR,GLN,GLN,ASN,LEU
3NGB_1,0.681917068478786,GLY,TYR,ARG,GLN,ALA,PRO
3NH7_1,0.522566011348727,GLY,TYR,GLN,GLN,ALA,LEU
3NZ8_1,1.55795564306626,GLY,TYR,GLN,GLN,ASN,LEU
3O0R_1,0.39940665179263,GLY,TYR,GLN,GLU,ASN,LEU
3O2V_1,0.100276226853628,GLY,PHE,GLN,GLN,ALA,LEU
3O41_1,0.702036427674756,GLY,TYR,GLN,GLN,ASN,LEU
3O6K_1,1.51305665687839,GLY,TYR,GLN,GLN,PRO,LEU
3OKD_1,1.25789848600006,GLY,TYR,GLN,GLN,SER,LEU
3OPZ_2,0.170795279034578,GLY,TYR,GLN,HIS,ASN,LEU
3P0V_1,1.05521634280476,GLY,TYR,GLN,GLN,ALA,LEU
3PIQ_1,0.887259195936704,GLY,TYR,LYS,GLN,ALA,LEU
3PIQ_2,0.211208552899733,GLY,TYR,LYS,GLN,ALA,LEU
3PJS_1,0.516396546766628,GLY,TYR,GLN,GLN,ALA,LEU
3PNW_1,0.503894037663531,GLY,TYR,GLN,GLN,ALA,LEU
3PP3_1,1.15722595366434,GLY,TYR,GLN,GLN,ASN,LEU
3Q3G_1,0.907691754977427,GLY,TYR,GLN,GLN,ASP,LEU
3Q6F_1,0.549676890440556,GLY,TYR,LYS,GLN,ALA,LEU
3QCT_1,1.04238226488112,GLY,PHE,GLN,GLN,ASN,LEU
3QEH_1,1.00786383532247,GLY,TYR,GLN,GLN,ALA,LEU
3QG6_1,2.04786025959593,GLY,TYR,GLN,GLN,ASN,LEU
3QPQ_1,1.63962761358626,GLY,TYR,GLN,GLN,ASN,LEU
3QQ9_1,1.4582069178714,GLY,TYR,GLN,GLN,ASN,LEU
3QUM_1,0.572238183490493,GLY,TYR,GLN,GLN,ASN,LEU
3QUM_2,1.73141883598626,GLY,TYR,ALA,GLN,ASN,LEU
3R06_1,4.20896046985482,GLY,TYR,GLN,GLN,ALA,LEU
3RA7_1,0.729175583827381,GLY,PHE,PRO,GLN,PRO,LEU
3RHW_1,0.7971158884836,ASP,PHE,GLN,GLU,ASN,LEU
3RKD_1,0.278778262696355,GLY,TYR,GLN,GLN,SER,LEU
3RVT_1,1.85539398008288,GLY,TYR,GLN,GLN,ASN,LEU
3S34_1,1.07857692239651,GLY,PHE,GLN,GLN,ALA,LEU
3S96_1,0.521313767323,LEU,ILE,GLN,GLN,VAL,PHE
3SGD_1,2.09113475245035,GLY,TYR,GLN,GLN,ALA,LEU
3SKJ_1,5.39770527104176,GLY,TYR,GLN,GLN,ALA,LEU
3SM5_1,0.986238179752531,GLY,TYR,GLN,GLN,ALA,LEU
3TCL_1,2.1464085517154,GLY,TYR,ARG,HIS,GLY,LEU
3TNN_1,1.52579698699902,GLY,TYR,GLN,GLN,ALA,LEU
3TT1_1,0.100624123389972,GLY,TYR,GLN,GLN,ASP,LEU
3U0T_1,0.129689747630642,GLY,TYR,GLN,GLN,ALA,LEU
3U2S_1,0.249518256914532,GLY,TYR,LYS,GLN,ALA,LEU
3U30_1,0.99377847688129,GLY,TYR,GLN,GLN,ALA,LEU
3U36_1,0.20308088504091,GLY,TYR,LYS,GLN,ALA,LEU
3U46_1,1.3823888259771,GLY,PHE,ARG,GLN,GLY,LEU
3U7W_1,0.675157575492195,GLY,TYR,ARG,GLN,ALA,PRO
3U9U_1,0.450286305366374,GLY,TYR,GLN,GLN,ASN,LEU
3UAJ_1,0.62348311443829,GLY,TYR,GLN,GLN,ASN,LEU
3UBX_1,0.128455139190692,GLY,TYR,GLN,GLN,ALA,LEU
3UJT_1,1.5802570838381,GLY,PHE,GLN,GLN,ASN,LEU
3ULS_1,2.47589521912291,GLY,TYR,GLN,GLN,ALA,LEU
3UO1_1,0.376667136785582,GLY,PHE,ALA,GLN,LEU,LEU
3V0V_1,0.820647451104511,GLY,TYR,GLN,GLN,SER,PRO
3V4P_1,1.24374623431336,GLY,TYR,GLN,HIS,ASN,LEU
3V6F_1,1.59220663192431,GLY,TYR,GLN,GLN,PRO,LEU
3V6O_1,0.40788888987321,GLY,PHE,GLN,GLN,ASN,LEU
3V7A_1,0.0234886730574533,GLY,TYR,GLN,GLN,ASN,LEU
3VG9_1,0.820455998210751,GLY,TYR,GLN,GLN,ASN,LEU
3VI3_1,0.839087199389509,GLY,PHE,GLN,GLN,ASN,LEU
3VRL_1,0.492089751163343,GLY,TYR,GLN,GLN,SER,LEU
3W11_1,0.834901285203827,GLY,TYR,GLN,GLN,ASN,LEU
3W14_1,0.0613408061611551,ASP,TYR,GLN,GLN,ASN,LEU
3W9D_1,3.53165008330912,GLY,TYR,GLN,GLN,ALA,LEU
3WE6_1,1.01475240369692,GLY,TYR,GLN,GLN,ASN,LEU
3WHE_1,0.346696105079499,GLY,TYR,GLN,GLN,VAL,LEU
3WIH_1,1.38442402718411,ASP,PHE,GLN,GLN,ASN,LEU
3WKM_1,0.97051324956669,GLY,TYR,GLN,GLN,ASP,LEU
3WLW_1,1.59704945567772,GLY,TYR,GLN,GLN,ALA,LEU
3X2D_1,1.19687773592916,GLY,TYR,LYS,GLN,ASN,LEU
3ZKM_1,0.205815308618146,GLY,TYR,GLN,GLN,ASN,LEU
3ZTJ_1,3.29955117512392,GLY,TYR,GLN,GLN,ALA,LEU
43CA_1,1.13651595350908,GLY,PHE,GLN,GLN,ASN,LEU
4AEI_1,0.507837874689357,GLY,TYR,GLN,GLN,PRO,LEU
4AL8_1,1.28885256148043,GLY,PHE,GLN,GLN,ASP,LEU
4AT6_3,0.559410861609708,ASP,PHE,GLN,GLU,ASN,LEU
4C2I_1,2.7739282837998,GLY,TYR,GLN,GLN,ALA,LEU
4C83_1,0.397353705940312,GLY,TYR,GLN,GLN,ALA,LEU
4CAD_1,0.202570775470986,GLY,TYR,GLN,GLN,ASN,LEU
4CNI_1,0.429393421302659,GLY,TYR,GLN,GLN,ALA,LEU
4D9L_1,1.214783936349,GLY,TYR,GLN,GLN,ALA,LEU
4D9Q_1,0.724275221862057,GLY,TYR,GLN,GLN,ALA,LEU
4DGI_1,0.832288462054035,ASN,TYR,GLN,GLN,ASN,LEU
4DGV_1,0.44528211067592,GLY,TYR,LEU,GLN,ALA,LEU
4DKE_1,0.232649444718875,GLY,TYR,GLN,GLN,ALA,LEU
4DKF_1,1.54040808118433,GLY,TYR,GLN,GLN,ALA,LEU
4DN3_1,1.64481027610618,GLY,TYR,GLN,GLN,ALA,LEU
4DVB_1,0.295318620999422,GLY,TYR,GLN,GLN,SER,LEU
4EBQ_1,0.354473568110985,GLY,TYR,ALA,GLN,ASN,LEU
4EDX_1,0.432973502935801,ASP,PHE,GLN,GLN,ASN,LEU
4EVN_1,0.0901241204204156,GLY,TYR,LYS,GLN,ALA,PRO
4F2M_1,0.0969012061870243,ASN,PHE,GLN,GLN,SER,LEU
4F33_1,0.216028950834603,GLY,TYR,SER,GLN,ASN,LEU
4F37_1,2.30942913213158,GLY,TYR,GLN,GLN,ASN,LEU
4F58_1,0.470993921411943,GLY,TYR,GLN,GLN,ALA,LEU
4FFV_1,0.898519879746965,GLY,PHE,THR,GLN,ASN,LEU
4FFW_1,0.171669263016124,SER,PHE,THR,GLN,ASN,LEU
4FFZ_1,0.0134555349392011,GLY,TYR,THR,GLN,ASN,LEU
4FNL_1,0.40288634462036,GLY,TYR,GLN,GLN,ALA,LEU
4FQC_1,4.0669593002267,GLY,TYR,ASN,HIS,SER,LEU
4FQH_1,2.12834319104221,GLY,TYR,GLN,GLN,ALA,LEU
4FQK_1,0.243079269741376,GLY,TYR,PRO,GLN,ALA,LEU
4FQQ_1,0.82457913785185,GLY,TYR,LYS,GLN,ASN,LEU
4FQQ_2,0.344312919176725,GLY,TYR,LYS,GLN,ASN,LEU
4G5Z_1,2.09637220210582,ASP,TYR,GLN,GLN,ALA,LEU
4G6F_1,0.713772925269362,GLY,TYR,ARG,LYS,ALA,LEU
4G6K_1,0.193008331458776,GLY,PHE,GLN,GLN,ASN,LEU
4G7V_1,0.35323377832818,GLY,TYR,GLN,GLN,ALA,LEU
4G80_1,0.24577127991878,GLY,TYR,GLN,GLN,ALA,LEU
4GAG_1,2.03620236477431,GLY,TYR,GLN,GLN,ASN,LEU
4GMS_1,1.43551668537917,GLY,PHE,GLN,GLU,ASN,LEU
4GXU_1,1.30570487013763,GLY,TYR,GLN,GLN,ALA,LEU
4HC1_1,0.308489475428255,GLY,TYR,GLN,GLN,ASN,LEU
4HCR_1,0.266562285944579,GLY,TYR,GLN,GLN,ALA,LEU
4HDI_1,1.90590167688472,GLY,PHE,GLN,GLN,PRO,LEU
4HFW_1,1.41418527810185,GLY,TYR,GLN,LYS,ALA,LEU
4HG4_1,0.905787267283312,GLY,TYR,GLN,GLN,ALA,LEU
4HH9_1,3.97285037796748,GLY,TYR,GLN,GLN,ALA,LEU
4HIE_1,0.758204338723848,GLY,TYR,GLN,GLN,ALA,LEU
4HIX_1,0.0443044824820222,GLY,TYR,GLN,GLN,SER,LEU
4HJ0_1,0.420004457462064,GLY,TYR,LYS,GLN,ALA,LEU
4HJG_1,2.52265506067804,ASN,TYR,GLN,GLN,ALA,LEU
4HLZ_1,0.595136031029323,GLY,TYR,GLN,GLN,SER,LEU
4HS6_1,1.15113307021908,GLY,TYR,GLN,GLN,SER,LEU
4HZL_1,1.35489932424682,GLY,TYR,GLN,GLN,PRO,LEU
4I9W_1,0.620634855621072,GLY,TYR,GLN,GLN,ASN,LEU
4IMK_1,1.60226578240253,GLY,TYR,GLN,GLN,ALA,LEU
4IML_1,1.07108646126842,GLY,TYR,GLN,GLN,ALA,LEU
4IOF_1,1.88601641998419,GLY,TYR,GLN,GLN,ALA,LEU
4J1U_1,1.48466331808949,GLY,TYR,GLN,GLN,ASN,LEU
4J8R_1,0.818467613942055,GLY,PHE,GLN,GLN,ASN,LEU
4JAM_1,5.09396653340665,GLY,TYR,ARG,VAL,SER,LEU
4JDV_1,0.254144783760162,GLY,TYR,GLN,GLN,ALA,LEU
4JHA_1,0.814346595621299,GLY,TYR,GLN,GLN,ALA,PRO
4JLR_1,0.264025893920466,GLY,TYR,GLN,GLN,ASN,LEU
4JM2_2,1.66503078235539,GLY,TYR,PRO,TYR,LYS,LEU
4JN1_1,0.329901375869367,GLY,TYR,GLN,GLN,ASN,LEU
4JO3_1,0.339018554518162,GLY,TYR,PRO,GLN,ALA,LEU
4JR9_1,0.306915323990728,GLY,TYR,GLN,GLN,GLY,LEU
4JY6_1,0.915240126694902,GLY,TYR,LYS,GLN,ASN,PRO
4JZJ_1,0.245250794666399,GLY,TYR,GLN,GLN,ASN,LEU
4JZO_1,0.906791542619543,GLY,TYR,GLN,GLN,ALA,LEU
4K23_1,1.05037530364746,GLY,TYR,GLN,GLN,ASN,LEU
4K2U_1,0.256893307818638,ASP,PHE,GLN,GLN,ASP,LEU
4K8R_2,1.19282832867852,GLY,TYR,GLN,GLN,PRO,LEU
4KI5_1,0.557998337539938,GLY,TYR,GLN,GLN,ALA,LEU
4KPH_1,1.08698858567052,GLY,TYR,GLN,GLN,ASN,LEU
4KUC_1,0.955917151389441,GLY,TYR,GLN,GLN,ASP,LEU
4LF3_1,0.308894647613872,GLY,TYR,GLN,GLN,VAL,LEU
4LLW_1,0.721779246896168,GLY,TYR,GLN,ARG,ASN,LEU
4LLY_1,0.128554841246839,GLY,TYR,GLN,ASP,ASN,LEU
4LMQ_1,0.348680010657336,GLY,TYR,GLN,GLN,ASN,LEU
4LU5_1,0.0561322576109317,GLY,TYR,GLN,GLN,PRO,LEU
4LVH_1,0.239238070884074,GLY,PHE,GLN,GLN,ARG,LEU
4LVN_1,1.30800117409141,GLY,TYR,ALA,GLN,ASN,LEU
4M48_1,0.585999907647276,GLY,TYR,GLN,GLN,SER,LEU
4M5Y_1,0.868605616769966,GLY,TYR,GLN,GLN,LYS,LEU
4M61_1,0.179243790856198,GLY,TYR,GLN,GLN,ASN,LEU
4M62_1,0.396246376720971,GLY,TYR,GLN,GLN,ALA,LEU
4M6M_1,0.120888389525217,GLY,TYR,GLN,GLN,SER,LEU
4M7J_1,3.44701853622632,GLY,TYR,GLN,GLN,ASN,LEU
4M7K_1,0.552338784454344,GLY,TYR,GLN,GLN,ASN,LEU
4MA3_1,2.01929671669132,GLY,TYR,PRO,GLN,ALA,LEU
4MHH_1,0.723324066596248,GLY,PHE,ALA,GLN,ASN,LEU
4MHJ_1,1.47300666280163,GLY,PHE,ALA,GLN,ASN,LEU
4MHJ_2,0.397157090032291,GLY,PHE,ALA,GLN,ASN,LEU
4MWF_1,3.63839885071229,GLY,PHE,GLN,GLN,ALA,LEU
4MXV_1,1.17216515445585,GLY,TYR,GLN,GLN,ASN,LEU
4N8C_1,0.631208060614326,GLY,PHE,GLN,GLN,ASN,LEU
4N90_1,0.700168485983432,GLY,TYR,GLN,GLN,ASN,LEU
4NCC_1,0.0560247773801914,GLY,TYR,GLN,GLN,THR,LEU
4NCO_1,0.00755530081024822,GLY,TYR,LYS,GLN,ASN,PRO
4NKD_1,2.16927678644986,GLY,TYR,GLN,GLN,ASN,LEU
4NKM_1,0.423377532565892,GLY,TYR,GLN,GLN,ASN,LEU
4NKO_1,0.176117219085283,GLY,TYR,GLN,GLN,ASN,LEU
4NM4_1,0.638231582115535,GLY,TYR,LYS,GLN,SER,LEU
4NNP_1,0.772963171252354,GLY,TYR,GLN,GLN,ALA,LEU
4NP4_1,2.06950780127498,GLY,TYR,GLN,GLN,SER,LEU
4NRX_2,0.728962037579459,GLY,TYR,GLN,GLN,SER,LEU
4NRZ_1,0.0725661263124874,GLY,TYR,GLN,GLN,SER,LEU
4NYL_1,0.3979496973555,GLY,TYR,GLN,GLN,ALA,LEU
4O51_1,0.39549663677152,GLY,TYR,PRO,GLN,ALA,LEU
4O58_1,1.20607907078848,GLY,TYR,GLN,HIS,ALA,LEU
4OAW_1,0.152907598790906,GLY,TYR,GLN,GLN,ALA,LEU
4OCX_1,0.981229452835573,GLY,TYR,GLN,GLN,HIS,LEU
4ODT_1,0.812252779377025,ASP,PHE,GLN,GLN,ALA,LEU
4ODV_1,0.940317210321246,ASP,PHE,GLN,GLN,PRO,LEU
4ODX_1,0.930653640311204,GLY,TYR,GLN,GLN,ALA,LEU
4OGX_1,0.310453818066391,GLY,TYR,GLN,GLN,ALA,LEU
4OII_1,0.00574948523783198,GLY,TYR,GLN,GLN,ASN,PHE
4OKV_1,0.15597007826022,GLY,TYR,GLN,GLN,ASN,LEU
4OLU_1,0.195773118973214,GLY,TYR,GLN,GLN,ALA,PRO
4ORG_3,0.643291101291243,GLY,TYR,GLN,GLN,ALA,LEU
4OTX_1,0.236938754453551,GLY,TYR,GLN,GLN,THR,LEU
4OUU_1,0.433741064730904,GLY,TYR,GLN,GLN,LEU,LEU
4OZ4_1,0.146439693063389,GLY,TYR,GLN,GLN,ASN,LEU
4PLJ_1,1.51282281920649,GLY,TYR,GLN,GLN,ASN,LEU
4POZ_1,0.656404497420861,ASP,PHE,GLN,GLN,LYS,LEU
4PP1_1,0.0554576777416847,ASP,PHE,GLN,GLN,ASN,LEU
4PTT_1,0.275803464467907,GLY,TYR,HIS,HIS,ALA,LEU
4PY7_1,0.576331864259934,GLY,TYR,GLN,GLN,ALA,LEU
4Q2Z_1,0.691440830449361,GLY,TYR,GLN,GLN,ALA,LEU
4Q5Z_2,1.42375879681233,GLY,TYR,GLN,GLN,ALA,LEU
4Q6I_1,0.333750622815273,GLY,TYR,GLN,GLU,VAL,LEU
4QCI_1,0.540774053048035,GLY,TYR,GLN,GLN,ALA,LEU
4QEX_1,0.109995409561032,GLY,TYR,GLN,GLN,SER,LEU
4QF1_1,1.24931696810717,GLY,TYR,GLN,GLN,ALA,LEU
4QHK_1,1.25622257293224,GLY,TYR,GLN,GLN,ASN,LEU
4QHK_3,0.259081803306407,GLY,TYR,GLN,GLN,ASN,LEU
4QHL_1,0.579630984887798,GLY,TYR,GLN,GLN,ASN,LEU
4QHM_1,0.680964982421025,GLY,TYR,GLN,VAL,ASN,LEU
4QHU_1,0.264848259106985,GLY,TYR,GLN,GLN,ALA,LEU
4QNP_1,0.440161950473343,GLY,TYR,ALA,GLN,ALA,LEU
4QT5_1,2.5631468233959,GLY,TYR,GLN,GLN,ASN,LEU
4QTH_1,1.23696946960276,ASP,TYR,THR,GLN,ASN,LEU
4QWW_1,0.110313607612566,GLY,TYR,GLN,GLN,ALA,LEU
4QXT_1,0.899392536970136,GLY,TYR,GLN,GLN,ALA,LEU
4R26_1,2.07915764473861,GLY,TYR,LYS,HIS,ASN,LEU
4R4F_1,3.24538183066099,GLY,TYR,GLN,GLN,HIS,LEU
4R4N_1,3.20868305251454,GLY,TYR,GLN,GLN,HIS,LEU
4R7D_1,1.37833833501303,ASP,TYR,GLN,GLN,ASN,LEU
4R7N_1,0.988127317950728,ASP,TYR,GLN,GLN,ASN,LEU
4R8W_1,0.52358980592904,GLY,TYR,GLN,GLN,ALA,PRO
4R97_1,1.08287498282781,GLY,PHE,GLN,GLN,ASN,LEU
4RDQ_1,0.139477041353408,GLY,PHE,GLN,GLN,ASN,LEU
4RFE_1,1.20224709887438,GLY,TYR,GLN,GLN,ASN,LEU
4RGM_1,0.162976799354998,ASP,TYR,GLN,GLN,ALA,LEU
4RGN_1,0.153546323502065,HIS,TYR,GLN,GLN,PRO,LEU
4RGN_2,0.0554795980518963,GLY,TYR,GLN,GLN,ASN,LEU
4RIR_1,1.25847282117904,GLY,TYR,GLN,GLN,SER,LEU
4S1D_1,1.95483999616337,GLY,TYR,GLN,GLN,ASP,LEU
4S2S_1,0.269325659245458,GLY,TYR,GLN,GLN,THR,LEU
4TPR_1,3.89171773375202,GLY,TYR,GLN,GLN,ALA,LEU
4TRP_1,2.59057174075226,GLY,PHE,GLN,GLN,ASN,LEU
4TTD_1,0.0436044467686514,GLY,TYR,LYS,GLN,ALA,LEU
4U1G_1,0.664500769192933,GLY,TYR,GLN,GLN,PRO,LEU
4U6H_1,0.183231165995306,GLY,PHE,GLN,GLN,ASN,LEU
4U6V_1,0.0353383684965795,GLY,TYR,GLN,GLN,PRO,LEU
4UIF_1,4.61721071375209,GLY,TYR,ARG,GLN,ALA,LEU
4UIK_1,0.182333847489984,ASP,PHE,GLN,GLN,ASN,LEU
4UIM_1,1.34087282764008,ASP,PHE,GLN,GLN,ASN,LEU
4UT6_1,0.000674579869252052,GLY,TYR,GLN,GLN,ALA,LEU
4UT9_1,0.267819998951254,GLY,TYR,GLN,GLN,SER,LEU
4UTB_1,0.344848906116868,GLY,TYR,GLN,GLN,ALA,LEU
4UU9_1,0.904611604666886,GLY,TYR,GLN,GLN,ALA,LEU
4WHY_1,1.30819025154001,GLY,TYR,GLN,GLN,ARG,LEU
4WV1_1,0.000257386868355222,GLY,TYR,GLN,GLN,ALA,LEU
4XAK_1,0.400939444427709,GLY,TYR,GLN,GLN,ALA,LEU
4XHJ_1,0.622077897855651,GLY,TYR,GLN,GLN,ALA,LEU
4XMK_1,0.81305081106759,GLY,TYR,GLN,GLN,ALA,LEU
4XNM_1,1.2355492114987,GLY,TYR,GLN,GLN,ASN,LEU
4XTR_1,1.29946161579828,GLY,TYR,GLN,GLN,ALA,LEU
4XVS_1,1.57984696190502,GLY,TYR,ARG,GLN,PRO,LEU
4XWG_1,1.52167946282037,GLY,TYR,GLN,ARG,GLU,LEU
4XXD_1,0.383841602458618,GLY,TYR,GLN,GLN,PRO,LEU
4Y5X_1,0.60163042836418,GLY,TYR,ARG,GLN,ALA,LEU
4Y5Y_1,0.248705718399276,GLY,TYR,GLN,GLN,VAL,LEU
4YAQ_1,1.66696534577432,GLY,TYR,LYS,GLN,ALA,LEU
4YDJ_1,1.46427813669467,ASN,TYR,ARG,GLN,ALA,LEU
4YDV_1,0.162190496614319,GLY,TYR,GLN,GLN,SER,LEU
4YGV_1,0.550081699608793,GLY,TYR,GLN,GLN,ASN,LEU
4YK4_1,0.436404385038123,GLY,TYR,LYS,GLN,ASN,LEU
4YPG_1,0.00878085200877725,GLY,TYR,GLN,GLN,ALA,LEU
4YZF_1,1.19339642848109,GLY,TYR,GLN,GLN,ASN,LEU
4Z5R_1,0.838621536834789,GLY,TYR,GLN,GLN,ASN,LEU
4ZFF_1,2.93905375128345,GLY,TYR,GLN,GLN,ALA,LEU
4ZFO_1,2.52094669069469,ARG,PHE,GLN,GLN,ALA,LEU
4ZPT_1,0.777547826101337,ASP,PHE,GLN,GLN,PRO,LEU
4ZS6_1,0.422140627048022,GLY,TYR,LEU,GLN,GLY,LEU
4ZTO_1,0.3083943165208,GLY,TYR,PRO,GLN,ALA,LEU
4ZYK_2,0.545213362083981,GLY,TYR,GLN,GLN,ALA,LEU
5A3I_1,0.880399561372277,GLY,TYR,GLN,GLN,SER,LEU
5ANM_1,1.19040083109871,GLY,TYR,ARG,GLN,ALA,LEU
5ANY_1,0.00190421066323934,ASP,PHE,GLN,GLU,ALA,PHE
5BO1_1,0.836812085166376,GLY,TYR,GLN,GLN,ALA,LEU
5BVJ_1,2.22708490598051,ASP,TYR,GLN,GLN,ALA,LEU
5CGY_1,1.73183249345325,GLY,TYR,HIS,MET,ALA,PRO
5CHN_1,0.104505432511898,GLY,TYR,GLN,GLN,ALA,LEU
5CP7_1,0.628700371785256,GLY,TYR,GLN,GLN,ASN,LEU
5CSZ_1,0.646648444288316,GLY,TYR,GLN,GLN,ALA,LEU
5CUS_1,1.38680212097533,GLY,TYR,GLN,GLN,ALA,LEU
5CWS_1,0.190356681029324,GLY,TYR,GLN,GLN,ALA,LEU
5D6C_1,0.723680657030781,GLY,TYR,GLN,GLN,ALA,LEU
5DFV_1,2.29716082947799,GLY,TYR,GLN,GLN,ASN,LEU
5DK3_1,0.081214749353185,GLY,TYR,GLN,GLN,ASN,LEU
5DLM_1,0.229231290538618,GLY,TYR,GLN,GLN,PRO,LEU
5DO2_1,0.273249394774259,ASP,PHE,GLN,GLN,PRO,LEU
5DUR_1,0.0442804408514622,GLY,TYR,GLN,GLN,ASN,LEU
5ESV_1,0.211903868729039,GLY,PHE,ARG,GLN,ALA,LEU
8FAB_1,1.18415849243439,GLY,TYR,GLN,GLN,GLY,LEU
