Protein,SD,L38,L40,L41,L44,L46,L87,H33,H42,H45,H60,H62,H91,H105
12E8_1,5.700474316835,GLN,PRO,GLY,PRO,LEU,PHE,TYR,GLU,LEU,VAL,LYS,TYR,GLN
15C8_1,0.56744265795497,GLN,PRO,GLY,PRO,LEU,TYR,TYR,GLU,LEU,ASP,LYS,TYR,GLN
1A2Y_1,1.53725954218698,GLN,GLN,GLY,PRO,LEU,TYR,GLY,GLY,LEU,ASN,ALA,TYR,GLN
1A3L_1,0.262747390047932,GLN,PRO,GLY,PRO,LEU,TYR,TRP,GLY,PHE,ASN,LYS,PHE,GLN
1A3R_1,1.82712856724698,GLN,PRO,GLY,PRO,LEU,TYR,TYR,GLU,LEU,ASP,LYS,TYR,PRO
1A4J_1,0.802862474388053,GLN,PRO,GLY,PRO,LEU,PHE,GLY,GLY,LEU,ALA,ASP,PHE,ALA
1A4K_1,2.47042603249925,GLN,PRO,GLY,PRO,LEU,PHE,GLY,GLY,LEU,ALA,ASP,PHE,ALA
1A6T_1,1.92204987444668,GLN,PRO,GLY,PRO,PRO,TYR,TYR,GLY,LEU,ASN,LYS,TYR,GLN
1A6U_1,0.888884437377716,GLU,PRO,ASP,PHE,GLY,PHE,TRP,GLY,LEU,ASN,LYS,TYR,GLN
1ACY_1,1.05599114570365,GLN,PRO,GLY,PRO,VAL,TYR,CYS,GLY,LEU,SER,SER,TYR,GLN
1AD0_1,0.0250549145777812,GLN,PRO,GLY,PRO,SER,TYR,TYR,GLY,LEU,SER,SER,TYR,GLN
1AD9_1,4.1802300283982,GLN,PRO,GLY,PRO,LEU,TYR,TYR,GLY,LEU,ASN,LYS,PHE,GLN
1AFV_1,0.238492975158599,GLN,PRO,GLY,PRO,LEU,PHE,TRP,GLY,LEU,ASN,LYS,TYR,GLN
1AHW_1,0.325886309320188,GLN,PRO,TRP,PRO,THR,TYR,TYR,GLU,LEU,ASP,LYS,TYR,GLN
1AIF_1,1.77570302033814,GLN,SER,GLU,PRO,PRO,TYR,TRP,GLU,LEU,ALA,SER,TYR,GLN
1AJ7_1,0.159502076632253,GLN,PRO,ASP,ILE,ARG,TYR,TYR,GLU,LEU,ASP,LYS,TYR,GLN
1AP2_1,0.892806456954978,GLN,PRO,GLY,PRO,LEU,TYR,PHE,GLU,LEU,ALA,LYS,TYR,ALA
1AR1_1,2.10780362311322,GLN,GLN,GLY,PRO,PHE,TYR,THR,GLU,LEU,PRO,THR,TYR,GLN
1AXS_1,0.545885727969234,GLN,PRO,GLY,PRO,THR,TYR,TRP,GLY,LEU,ASN,LYS,TYR,GLN
1AXT_1,1.30729109929656,GLN,SER,GLY,PRO,LEU,PHE,TRP,GLU,LEU,ALA,SER,TYR,GLN
1AY1_1,0.584172731743363,GLN,PRO,GLY,PRO,LEU,TYR,ALA,GLY,LEU,ASN,SER,TYR,GLN
1BBJ_1,0.00155351359826355,GLN,GLN,GLY,PRO,LEU,TYR,ALA,GLU,LEU,ASN,LYS,PHE,GLN
1BEY_1,0.799463412090884,GLN,PRO,GLY,PRO,LEU,TYR,TYR,GLY,LEU,ASN,SER,TYR,GLN
1BFO_1,0.243785502027226,GLN,LEU,GLY,PRO,LEU,PHE,TYR,GLY,PRO,ASN,SER,TYR,GLN
1BFV_1,1.39267715616375,GLN,PRO,GLY,PRO,LEU,PHE,TYR,GLU,LEU,PRO,THR,TYR,GLN
1BJ1_1,0.282260056486924,GLN,PRO,GLY,PRO,VAL,TYR,GLY,GLY,LEU,ALA,ASP,TYR,GLN
1BLN_1,0.696408255587196,GLN,PRO,GLY,PRO,LEU,TYR,THR,GLU,LEU,PRO,SER,TYR,GLN
1BOG_1,2.02080370583319,GLN,PRO,GLY,PRO,THR,TYR,GLU,VAL,LEU,ASN,LYS,TYR,GLN
1BQL_1,0.539655410120198,GLN,SER,GLY,PRO,ARG,TYR,TRP,GLY,LEU,HIS,ARG,TYR,GLN
1BVK_1,0.776048823508117,GLN,PRO,GLY,PRO,LEU,TYR,GLY,GLY,LEU,ASN,ALA,TYR,GLN
1C08_1,0.835087244348158,GLN,SER,HIS,PRO,LEU,PHE,TYR,GLY,LEU,ASN,SER,TYR,GLN
1C5B_1,0.110247139575137,GLN,PRO,ASP,ILE,ARG,TYR,TRP,GLY,LEU,ASN,LYS,TYR,GLN
1C5D_1,0.663883464972958,GLN,PRO,GLY,PRO,GLN,TYR,GLY,GLY,LEU,ASN,ALA,PHE,PRO
1CBV_1,6.31136289276037,GLN,PRO,GLY,PRO,LEU,PHE,ALA,GLY,LEU,ALA,SER,TYR,GLN
1CF8_1,0.491832830707072,GLN,PRO,GLY,PRO,VAL,PHE,ALA,GLY,LEU,ASN,SER,TYR,GLN
1CGS_1,1.63544135347078,GLN,PRO,GLY,PRO,LEU,PHE,TRP,GLY,LEU,ARG,LYS,TYR,GLN
1CK0_1,0.270932698006967,GLN,PRO,GLY,PRO,LEU,TYR,ALA,GLY,LEU,ALA,SER,TYR,GLN
1CLY_1,0.154586977396225,GLN,PRO,GLY,PRO,LEU,TYR,TYR,GLU,LEU,PRO,THR,TYR,GLN
1CR9_1,3.29073495249952,GLN,PRO,GLY,PRO,ARG,TYR,TYR,GLU,LEU,ALA,ARG,TYR,GLN
1CT8_1,0.311733681340338,GLN,SER,HIS,PRO,LEU,PHE,TYR,GLY,LEU,ASN,HIS,TYR,GLN
1CZ8_1,0.364284443104558,GLN,PRO,GLY,PRO,VAL,TYR,GLY,GLY,LEU,ALA,ASP,TYR,GLN
1D5B_1,0.539518938511427,GLN,PRO,GLY,PRO,THR,TYR,TRP,GLY,LEU,ASN,LYS,TYR,GLN
1D5I_1,0.927919258388356,GLN,PRO,GLY,PRO,THR,TYR,TRP,GLY,LEU,ASN,LYS,TYR,GLN
1DBA_1,0.990152172842874,GLN,PRO,GLY,PRO,LEU,PHE,GLY,GLY,LEU,VAL,ASP,PHE,ALA
1DEE_1,1.17651759281832,GLN,PRO,GLY,PRO,LEU,TYR,GLY,GLY,LEU,ALA,SER,TYR,GLN
1DLF_1,1.42230123155481,GLN,PRO,GLY,PRO,LEU,PHE,TRP,GLU,LEU,ALA,SER,TYR,GLN
1DN0_1,0.805748490031266,GLN,PRO,GLY,PRO,LEU,TYR,TYR,GLY,LEU,ASN,SER,TYR,GLN
1DQJ_1,0.544375821199565,GLN,SER,HIS,PRO,LEU,PHE,TYR,GLY,LEU,HIS,SER,TYR,ALA
1E4W_1,0.764432635044123,GLN,PRO,ASP,VAL,LEU,PHE,TRP,GLY,LEU,ASN,LYS,TYR,GLN
1E6J_1,3.81586073247989,GLN,SER,GLY,PRO,PRO,TYR,THR,GLY,LEU,ASN,LYS,TYR,GLN
1EHL_1,0.844015381946325,GLN,PRO,GLY,PRO,LEU,TYR,TRP,GLY,LEU,ASN,LYS,TYR,GLN
1ETZ_1,1.3599402884899,GLU,PRO,ASP,PHE,GLY,PHE,GLY,GLY,LEU,ASN,SER,HIS,GLN
1EZV_1,0.794432334797935,GLN,PRO,ASP,ILE,LEU,PHE,TYR,GLY,LEU,ASN,SER,TYR,GLN
1F11_1,0.161716027964145,GLN,PRO,GLY,PRO,LEU,TYR,TYR,GLY,LEU,ASN,LYS,TYR,GLN
1F3D_1,0.504802823982294,GLN,PRO,GLY,PRO,LEU,TYR,ASN,GLY,LEU,ASN,LYS,TYR,GLN
1F4W_1,1.81990587719283,GLU,PRO,ASP,PHE,GLY,PHE,ASP,GLU,LEU,PRO,THR,TYR,ARG
1F58_1,0.471498907656564,GLN,PRO,GLY,PRO,LEU,TYR,SER,GLY,LEU,ASN,SER,TYR,GLN
1F8T_1,0.711854935546796,GLN,PRO,GLY,PRO,ARG,TYR,ALA,GLY,LEU,ASN,SER,TYR,GLN
1FAI_1,0.370081304496726,GLN,PRO,ASP,VAL,LEU,PHE,GLY,GLY,LEU,ASN,LYS,PHE,GLN
1FBI_1,0.130306344743837,LYS,PRO,ASP,VAL,LEU,PHE,TRP,GLY,LEU,ASN,LYS,TYR,GLN
1FE8_1,1.18542936028386,GLN,PRO,ASP,VAL,LEU,PHE,GLY,GLY,LEU,HIS,ALA,TYR,GLN
1FJ1_1,0.281219902411792,HIS,PRO,GLY,PRO,LEU,TYR,SER,GLY,LEU,ALA,ASP,PHE,GLN
1FL3_1,1.25899725994162,GLN,PRO,GLY,PRO,LEU,TYR,ILE,GLU,LEU,PRO,SER,TYR,GLN
1FL5_1,0.511469528770044,GLN,PRO,GLY,PRO,LEU,TYR,TYR,GLY,LEU,SER,SER,TYR,GLN
1FN4_1,4.52830192722372,GLN,LEU,GLY,PRO,LEU,PHE,SER,GLY,PRO,ASN,ALA,TYR,PRO
1FOR_1,0.660840077386733,GLN,PRO,GLY,PRO,LEU,TYR,TRP,GLY,LEU,ASN,LYS,PHE,GLN
1FPT_1,0.00163817947734601,GLN,PRO,GLY,PRO,LEU,PHE,LEU,GLY,LEU,ASN,ASN,PHE,GLN
1FSK_1,0.0654852368572491,GLN,PRO,ASP,PRO,LEU,HIS,TRP,GLY,LEU,ASN,LYS,TYR,GLN
1FVC_1,2.16128318650696,GLN,PRO,GLY,PRO,LEU,TYR,TYR,GLY,LEU,ALA,SER,TYR,GLN
1FVD_1,1.43950960036327,GLN,PRO,GLY,PRO,LEU,TYR,TYR,GLY,LEU,ALA,SER,TYR,GLN
1FVE_1,0.455248073649963,GLN,PRO,GLY,PRO,LEU,TYR,TYR,GLY,LEU,ALA,SER,TYR,GLN
1G9M_1,0.167967559016618,GLN,PRO,GLY,PRO,LEU,TYR,SER,GLY,LEU,ALA,HIS,PHE,GLN
1GAF_1,1.56377654608899,GLN,PRO,ASP,ILE,ARG,TYR,TYR,LYS,LEU,ASP,LYS,TYR,GLN
1GGB_1,1.9762658726806,GLN,PRO,GLY,PRO,LEU,TYR,GLY,GLY,LEU,ASN,SER,TYR,GLN
1GGI_1,1.77166876818496,GLN,PRO,GLY,PRO,LEU,TYR,GLY,GLY,LEU,ASN,SER,TYR,GLN
1GIG_1,0.745394448426414,GLU,PRO,ASP,PHE,GLY,PHE,GLY,GLY,LEU,ASN,ALA,TYR,GLN
1GPO_1,0.29030622455004,GLN,SER,HIS,PRO,LEU,PHE,PHE,GLY,LEU,ASN,SER,TYR,GLN
1HEZ_1,1.48468665261327,GLN,PRO,GLY,PRO,LEU,TYR,GLY,GLY,LEU,ALA,SER,TYR,GLN
1HIL_1,0.800655312209444,GLN,PRO,GLY,PRO,VAL,TYR,GLY,ASP,LEU,PRO,SER,TYR,GLN
1HYS_1,2.16634260235241,GLN,PRO,GLU,VAL,LEU,TYR,GLY,GLY,LEU,ASN,SER,TYR,GLN
1HZH_1,0.616576368745835,HIS,PRO,GLY,PRO,LEU,TYR,VAL,GLY,PHE,SER,LYS,TYR,LYS
1I7Z_1,0.200828932458695,GLN,PRO,GLY,PRO,LEU,TYR,GLY,GLY,LEU,ALA,ASP,PHE,GLN
1I8I_1,0.315947330649427,GLN,PRO,GLY,PRO,PHE,TYR,GLY,ASP,LEU,SER,ASN,TYR,GLN
1I8M_1,1.42359974968591,GLN,GLN,GLY,PRO,LEU,TYR,VAL,GLY,LEU,ASN,LYS,TYR,GLN
1I9I_1,0.689519621324879,GLN,PRO,GLY,PRO,LEU,TYR,ALA,ASP,LEU,SER,SER,TYR,GLN
1I9R_1,0.235702835013353,GLN,PRO,GLY,PRO,LEU,TYR,TYR,GLY,LEU,ASN,LYS,TYR,GLN
1IGF_1,1.37862196216331,GLN,PRO,GLY,PRO,LEU,TYR,ALA,GLU,LEU,PRO,THR,TYR,GLN
1IGI_1,0.913739668754911,GLN,ALA,GLY,PRO,LEU,PHE,TYR,GLY,LEU,ASN,LYS,TYR,HIS
1IGT_1,1.84491088858026,GLN,PRO,GLY,PRO,LEU,TYR,TYR,GLU,LEU,PRO,THR,TYR,GLN
1IGY_1,0.403284917620907,GLN,PRO,GLU,PRO,LEU,HIS,THR,GLY,LEU,ASN,ARG,TYR,GLN
1IND_1,0.798028692431862,GLU,PRO,ASP,PHE,GLY,PHE,THR,GLU,LEU,SER,SER,PHE,HIS
1J05_1,0.358826285860583,GLN,PRO,GLY,PRO,LEU,TYR,TYR,GLU,LEU,VAL,LYS,TYR,GLN
1JGU_1,0.512223909650846,GLN,PRO,GLY,PRO,LEU,PHE,ALA,GLU,LEU,LEU,SER,TYR,ALA
1JN6_1,0.31617178938751,GLU,PRO,ASP,PHE,GLY,ILE,TRP,GLY,LEU,THR,LYS,SER,GLN
1JNL_1,1.33994967267898,GLN,GLN,GLY,PRO,LEU,TYR,TYR,GLU,LEU,ASP,ARG,TYR,GLN
1JPS_1,0.33614815197308,GLN,PRO,GLY,PRO,VAL,TYR,TYR,GLY,LEU,ASP,LYS,TYR,GLN
1K4C_1,0.558473181944217,GLN,THR,ASN,PRO,LEU,TYR,TRP,GLY,LEU,ASN,LYS,TYR,ALA
1KC5_1,0.216758634025266,GLN,PRO,GLU,PRO,LEU,HIS,ALA,GLY,LEU,ASN,SER,TYR,ALA
1KCS_1,1.12510234828325,GLN,PRO,GLY,PRO,LEU,TYR,ALA,GLY,LEU,ASN,SER,TYR,THR
1KEL_1,1.03993416491646,GLN,SER,GLY,PRO,LEU,TYR,TYR,GLY,LEU,SER,SER,TYR,GLN
1KEN_1,0.264509554958792,GLN,PRO,GLY,PRO,LEU,PHE,TYR,GLY,LEU,ASN,SER,TYR,GLN
1KFA_1,0.263028166252209,GLN,PRO,GLY,PRO,LEU,PHE,ALA,GLU,LEU,PRO,SER,TYR,GLN
1KN2_1,0.121703232694536,GLN,PRO,GLY,PRO,ARG,TYR,TRP,GLY,LEU,ASN,LYS,PHE,GLN
1KNO_1,0.719916935905108,GLN,PRO,ASP,ILE,ARG,TYR,GLY,GLU,LEU,ALA,THR,TYR,GLN
1L7I_1,0.786082466595796,GLN,PRO,GLY,PRO,LEU,TYR,THR,GLY,LEU,ASN,ARG,TYR,GLN
1L7T_1,0.140000071607123,GLN,PRO,GLY,PRO,LEU,TYR,ALA,ASP,LEU,SER,SER,TYR,GLN
1LK3_1,0.729321954931084,GLN,PRO,GLY,PRO,LEU,PHE,TYR,GLY,LEU,ASN,LYS,SER,GLN
1LO0_1,0.457196486479245,GLN,PRO,GLY,PRO,LEU,TYR,GLY,GLU,LEU,PRO,SER,HIS,GLN
1M71_1,0.980892740734003,GLN,PRO,GLY,PRO,LEU,PHE,TRP,GLU,LEU,ALA,SER,TYR,GLN
1MCP_1,0.345054674190196,GLN,PRO,GLY,PRO,LEU,TYR,TYR,GLY,LEU,SER,SER,TYR,ALA
1MF2_1,0.497602844833107,GLN,PRO,GLY,PRO,LEU,PHE,GLY,GLU,LEU,ALA,THR,TYR,GLN
1MFB_1,0.385821534239602,GLU,PRO,ASP,PHE,GLY,PHE,TRP,GLY,LEU,ASN,LYS,TYR,GLN
1MH5_1,0.165177315658052,GLN,PRO,GLY,PRO,LEU,TYR,TRP,GLY,LEU,ASN,LYS,TYR,GLN
1MHH_1,1.67602707917562,GLN,PRO,GLY,PRO,VAL,TYR,SER,GLY,LEU,ALA,ASP,PHE,ALA
1MHP_1,0.618455389815629,GLN,PRO,GLY,PRO,PRO,TYR,THR,GLY,LEU,LEU,SER,TYR,GLN
1MIM_1,0.88143637373754,GLN,PRO,GLY,PRO,ARG,TYR,TRP,GLY,LEU,ASN,LYS,TYR,GLN
1MJJ_1,0.955794551937286,GLN,PRO,GLY,PRO,LEU,TYR,TRP,GLY,LEU,ASN,LYS,TYR,GLN
1MLB_1,0.918754173937188,GLN,SER,HIS,PRO,LEU,PHE,TRP,GLY,LEU,ASN,LYS,TYR,GLN
1MNU_1,2.16153712417676,GLN,PRO,GLY,PRO,LEU,PHE,TRP,GLY,LEU,THR,ARG,TYR,GLN
1MRD_1,0.50425430038457,GLN,PRO,GLY,PRO,LEU,PHE,TRP,GLY,LEU,ASN,LYS,TYR,GLN
1N5Y_1,0.778909638520605,GLN,PRO,GLU,VAL,LEU,TYR,GLY,GLY,LEU,ASN,SER,TYR,GLN
1N7M_1,2.14302375043603,GLN,PRO,GLY,PRO,LEU,PHE,TRP,GLY,LEU,ASN,LYS,TYR,ALA
1NAK_1,0.262544505213877,GLN,PRO,GLY,PRO,LEU,PHE,TYR,GLY,PHE,ASN,SER,TYR,ALA
1NC2_1,0.834627395423202,GLU,PRO,ASP,PHE,GLY,PHE,GLY,GLY,LEU,THR,ALA,TYR,GLN
1NCA_1,0.708653223717002,GLN,PRO,GLY,PRO,LEU,TYR,GLY,GLY,LEU,GLY,GLU,PHE,GLN
1NCB_1,0.945536823841624,GLN,PRO,GLY,PRO,LEU,TYR,GLY,GLY,LEU,GLY,GLU,PHE,GLN
1NCW_1,0.767520297049329,GLN,PRO,GLY,PRO,ARG,TYR,ALA,GLY,LEU,ASN,SER,TYR,GLN
1NGP_1,0.0950104026541272,GLU,PRO,ASP,PHE,GLY,PHE,TRP,GLY,LEU,ASN,LYS,TYR,GLN
1NGW_1,0.685219655203131,GLN,PRO,GLY,PRO,LEU,PHE,TRP,GLY,LEU,ASN,LYS,TYR,ALA
1NJ9_1,1.79198606732879,GLU,PRO,ASP,PHE,GLY,PHE,ASN,GLY,LEU,ASN,LYS,TYR,GLN
1NL0_1,1.12090555469421,GLN,PRO,GLY,PRO,LEU,TYR,ALA,GLY,LEU,ALA,SER,TYR,ARG
1NMC_1,0.000297691954881581,GLN,PRO,ASP,VAL,LEU,PHE,ASN,GLY,LEU,ASN,LYS,TYR,GLN
1OAQ_1,1.09603397008021,GLU,PRO,ASP,PHE,GLY,PHE,TRP,GLY,LEU,ASN,LYS,TYR,GLN
1OAX_1,34.6803038980325,GLU,PRO,ARG,PHE,GLY,PHE,TRP,GLY,LEU,ASN,LYS,TYR,GLN
1OB1_1,0.660066502568113,GLN,PRO,GLY,PRO,LEU,TYR,GLY,GLY,LEU,ALA,ASP,PHE,GLN
1OCW_1,6.15257711529746,GLU,PRO,ASP,PHE,GLY,PHE,TRP,GLY,LEU,ASN,LYS,TYR,GLN
1OM3_1,10.5948039020082,GLN,PRO,GLY,PRO,LEU,HIS,THR,GLY,LEU,ALA,ALA,TYR,PRO
1ORS_1,0.617997708871426,GLN,PRO,GLY,PRO,LEU,TYR,ALA,GLY,LEU,ASN,SER,PHE,GLN
1OTS_1,1.69558053726026,GLN,SER,GLY,PRO,ARG,TYR,TRP,GLY,LEU,THR,SER,TYR,ALA
1P2C_1,0.252841585962439,GLN,SER,HIS,PRO,LEU,PHE,TRP,GLY,LEU,ASN,LYS,TYR,GLN
1PG7_1,0.0091782460198006,GLU,PRO,ASP,PHE,GLY,PHE,LEU,GLY,LEU,ASN,LYS,TYR,GLN
1PKQ_1,0.167870685387594,GLN,PRO,GLY,PRO,LEU,TYR,TRP,GLY,LEU,ASN,LYS,TYR,GLN
1Q0X_1,0.332669698917712,GLU,PRO,ASP,PHE,GLY,PHE,TRP,GLY,LEU,ASN,LYS,TYR,GLN
1Q1J_1,1.00326634840112,GLN,PRO,GLY,PRO,LEU,PHE,TRP,GLY,LEU,ALA,SER,SER,LYS
1Q72_1,0.517298929545287,GLN,PRO,GLY,PRO,LEU,TYR,TRP,GLY,LEU,THR,SER,TYR,GLN
1Q9K_1,0.659540461160634,GLN,PRO,GLY,PRO,LEU,TYR,TYR,GLY,LEU,SER,SER,TYR,GLN
1Q9O_1,0.402173375081777,GLN,PRO,GLY,PRO,LEU,TYR,TYR,GLY,LEU,SER,SER,TYR,GLN
1QBL_1,1.10698416114791,GLN,GLN,GLY,PRO,LEU,TYR,TYR,GLU,LEU,ASP,LYS,TYR,GLN
1R24_1,0.96494124813094,GLN,PRO,ASP,LEU,LEU,PHE,GLY,GLU,LEU,ALA,THR,TYR,GLN
1RHH_1,1.33606781415179,GLN,PRO,GLY,PRO,LEU,TYR,GLY,GLY,LEU,ALA,LYS,TYR,GLN
1RZ7_1,0.626416094626693,GLN,PRO,GLY,PRO,LEU,TYR,TYR,GLY,LEU,ALA,LYS,TYR,GLN
1RZ8_1,0.821988342225397,GLN,PRO,GLY,PRO,LEU,TYR,SER,GLY,LEU,ALA,HIS,PHE,GLN
1RZG_1,0.873417589014838,GLN,PRO,GLY,PRO,LEU,TYR,ALA,GLY,LEU,ALA,ARG,TYR,ARG
1RZI_1,1.9307782897855,GLN,PRO,GLY,PRO,LEU,TYR,ALA,GLY,LEU,ALA,LYS,PHE,GLN
1S3K_1,0.749006642139665,GLN,PRO,GLY,PRO,LEU,TYR,TYR,GLY,LEU,PRO,THR,PHE,GLN
1T04_1,0.992078525784294,GLN,PRO,GLY,PRO,LEU,TYR,TRP,GLY,LEU,ASN,ASP,TYR,GLN
1T4K_1,0.32801622919072,GLN,PRO,GLY,PRO,LYS,TYR,GLY,GLY,LEU,ALA,ALA,TYR,GLN
1T66_1,0.227991025244418,GLN,PRO,GLY,PRO,LEU,PHE,TRP,GLU,LEU,SER,SER,TYR,GLN
1TET_1,1.19234466764019,GLN,PRO,GLY,PRO,LEU,TYR,GLY,GLY,PHE,ALA,ASP,PHE,THR
1TJG_1,0.54507703467109,GLN,PRO,GLY,PRO,LEU,TYR,GLY,GLY,LEU,SER,SER,PHE,GLN
1TPX_1,0.38490784221984,GLN,PRO,GLY,PRO,ARG,PHE,GLY,GLY,PHE,ALA,ASP,PHE,GLN
1TZG_1,1.04420001922197,GLN,PRO,GLY,PRO,LEU,TYR,ALA,GLY,LEU,ALA,ARG,TYR,GLN
1TZH_1,0.352165339981802,GLN,PRO,GLY,PRO,LEU,TYR,ASP,GLY,LEU,ALA,SER,TYR,GLN
1U6A_1,0.536124252607859,GLN,PRO,GLY,PRO,LEU,TYR,TYR,GLY,LEU,SER,SER,TYR,GLN
1UA6_1,0.858780478644283,GLN,SER,HIS,PRO,LEU,PHE,TYR,GLY,LEU,ASN,SER,TYR,GLN
1UB5_1,1.12162055449269,GLN,PRO,GLY,PRO,LEU,TYR,ILE,GLU,LEU,PRO,SER,TYR,GLN
1UB6_1,2.02446085667271,GLN,PRO,GLY,PRO,LEU,TYR,ILE,GLU,LEU,PRO,SER,TYR,GLN
1UWG_1,1.07215136408089,GLN,PRO,GLY,PRO,THR,PHE,ASN,GLY,LEU,ASN,LYS,TYR,PRO
1UWX_1,0.0327574287452484,GLN,PRO,GLY,PRO,LEU,TYR,GLY,GLY,LEU,ALA,ASP,PHE,GLN
1UYW_1,0.41023153463928,GLN,PRO,GLU,PRO,LEU,HIS,THR,GLY,LEU,SER,ASN,PHE,ALA
1UZ6_1,1.78977646951285,GLN,PRO,GLY,PRO,LEU,TYR,TRP,GLY,LEU,THR,SER,TYR,GLN
1V7M_1,1.25411895829831,GLN,PRO,GLY,PRO,LEU,TYR,TRP,GLU,LEU,ALA,SER,TYR,GLN
1W72_1,0.665098981529819,GLN,PRO,GLY,PRO,LEU,TYR,ALA,GLY,LEU,ALA,SER,TYR,GLN
1WC7_1,0.497942444357043,GLN,PRO,GLY,PRO,LEU,TYR,TYR,GLY,LEU,SER,SER,TYR,GLN
1WT5_1,2.8354288960935,GLN,PRO,GLY,PRO,LEU,TYR,TRP,GLY,LEU,ALA,LYS,TYR,GLN
1XGY_1,0.341255389454877,GLN,PRO,GLY,PRO,LEU,TYR,TYR,GLY,LEU,ASN,LYS,PHE,GLN
1Y0L_1,1.27837073037633,GLU,PRO,ASP,PHE,GLY,PHE,TRP,GLY,LEU,MET,SER,TYR,GLN
1Y18_1,2.28865440865827,GLU,PRO,ASP,PHE,GLY,PHE,TRP,GLY,LEU,MET,SER,TYR,GLN
1YEC_1,0.422832949997593,GLN,PRO,GLY,PRO,ARG,TYR,TRP,GLY,LEU,ASN,LYS,PHE,GLN
1YED_1,0.0956531627182308,GLN,PRO,GLY,PRO,ARG,TYR,TRP,GLY,LEU,ASN,LYS,PHE,GLN
1YNT_1,0.0348264231870018,GLN,PRO,ASP,VAL,LEU,PHE,GLY,ALA,LEU,ASN,LYS,TYR,GLN
1YUH_1,0.63185718463946,GLU,PRO,ASP,PHE,GLY,PHE,LEU,GLY,LEU,ASN,LYS,TYR,GLN
1YY8_1,0.599459968732276,GLN,THR,ASN,PRO,LEU,TYR,GLY,GLY,LEU,ASN,PRO,TYR,GLN
1Z3G_1,0.64022650050158,GLN,SER,GLY,PRO,ARG,TYR,TRP,GLY,LEU,ASN,LYS,TYR,GLN
1ZA3_1,0.251440100322124,GLN,PRO,GLY,PRO,LEU,TYR,SER,GLY,LEU,ALA,SER,TYR,GLN
1ZA6_1,0.750825111206111,GLN,PRO,GLY,PRO,LEU,TYR,ALA,GLY,LEU,ASN,ARG,PHE,GLN
1ZVO_1,0.000438406204334135,GLN,PRO,GLY,PRO,LEU,TYR,TYR,GLY,LEU,ASN,SER,TYR,GLN
2A1W_1,1.33106866112822,GLN,PRO,GLY,PRO,LEU,TYR,GLY,GLU,LEU,PRO,SER,PHE,ALA
2A6D_1,1.58965586032511,GLN,PRO,ASP,VAL,LEU,PHE,GLY,GLY,LEU,ASN,LYS,PHE,GLN
2A9M_1,0.127812379126593,GLN,PRO,GLY,PRO,LEU,TYR,SER,GLY,LEU,ALA,SER,TYR,GLN
2A9N_1,0.364569407137381,GLN,PRO,GLY,PRO,LEU,TYR,SER,GLY,LEU,ALA,SER,TYR,GLN
2ADG_1,0.0995053164827551,GLN,PRO,GLY,PRO,PHE,TYR,GLY,ASP,LEU,PRO,ASN,TYR,GLN
2AJ3_1,0.879111036616536,LEU,PRO,GLY,PRO,LEU,TYR,TYR,GLY,LEU,ASN,SER,TYR,ARG
2AJS_1,1.01253955335183,GLN,PRO,GLY,PRO,LEU,TYR,ALA,GLY,LEU,ASN,SER,TYR,GLN
2ARJ_1,0.507079707817718,GLN,PRO,GLY,PRO,LEU,TYR,SER,GLY,LEU,ASN,ALA,PHE,PRO
2B0S_1,0.802119223829601,HIS,PRO,GLY,PRO,LEU,TYR,TRP,GLY,LEU,SER,SER,TYR,GLN
2B2X_1,0.514162089338078,GLN,PRO,GLY,PRO,PRO,TYR,THR,GLY,LEU,LEU,SER,TYR,GLN
2BRR_1,0.927760866469373,GLN,SER,GLY,PRO,LEU,TYR,GLY,GLY,LEU,ALA,ASP,PHE,GLN
2C1O_1,1.18529088777003,GLN,PRO,GLY,PRO,ARG,TYR,TRP,GLY,LEU,ASN,LYS,TYR,GLN
2DD8_1,0.970417888467298,GLN,PRO,GLY,PRO,LEU,TYR,THR,GLY,LEU,ALA,LYS,TYR,GLN
2DQF_1,1.99651811800056,GLN,SER,HIS,PRO,LEU,PHE,ALA,GLY,LEU,ASN,SER,TYR,GLN
2DQT_1,0.762069484181395,GLN,PRO,GLY,PRO,LEU,TYR,ALA,GLU,LEU,LEU,SER,PHE,ALA
2EH7_1,2.52211483109721,GLN,PRO,GLY,PRO,ARG,TYR,TRP,GLY,LEU,ALA,LYS,PHE,GLN
2FAT_1,2.432769122813,GLN,SER,GLY,PRO,PRO,TYR,TYR,GLY,LEU,ASN,LYS,PHE,GLN
2FB4_1,1.51512689243657,GLN,PRO,GLY,PRO,LEU,TYR,ALA,GLY,LEU,ALA,SER,PHE,GLN
2FJF_1,1.32138712495238,GLN,PRO,GLY,PRO,LEU,TYR,TRP,GLY,LEU,ALA,SER,TYR,GLN
2FJH_1,0.0211340074761033,GLN,PRO,GLY,PRO,LEU,TYR,TRP,GLY,LEU,ALA,SER,TYR,GLN
2FL5_1,0.53068060103638,GLU,SER,GLY,PRO,LEU,TYR,TYR,GLY,LEU,SER,SER,TYR,GLN
2G2R_1,0.61628527910417,GLN,PRO,GLY,PRO,ARG,PHE,TYR,GLY,LEU,ASN,LYS,TYR,HIS
2G5B_1,0.6340500950479,GLN,PRO,GLY,PRO,LEU,TYR,TYR,GLY,LEU,GLY,SER,TYR,ALA
2GFB_1,0.46591611079525,GLN,PRO,ASP,ILE,ARG,TYR,GLY,GLU,LEU,ALA,THR,TYR,GLN
2GJZ_1,0.215979893351983,GLN,PRO,GLY,PRO,LEU,TYR,GLY,GLY,LEU,ASN,ALA,TYR,GLN
2GSG_1,1.71340599784231,GLN,PRO,LEU,PRO,TYR,ILE,TYR,GLU,LEU,PRO,THR,TYR,GLN
2GSI_3,1.16218727052937,GLN,PRO,GLY,PRO,ARG,TYR,TYR,GLU,LEU,VAL,THR,TYR,GLN
2H9G_1,0.625495344929119,GLN,PRO,GLY,PRO,LEU,TYR,GLY,GLY,LEU,ALA,SER,TYR,GLN
2HKF_1,2.86732153324536,GLN,PRO,GLY,PRO,LEU,PHE,ALA,GLY,LEU,ALA,SER,TYR,GLN
2I9L_1,0.682963598282515,GLN,PRO,GLY,PRO,LEU,TYR,TRP,GLY,LEU,ASN,LYS,TYR,GLN
2IPU_1,0.663942838008162,GLN,PRO,GLY,PRO,LEU,TYR,GLY,GLY,LEU,ASN,SER,TYR,GLN
2IQA_1,0.990573868948954,GLN,PRO,GLY,PRO,LEU,TYR,GLY,GLY,LEU,ASN,SER,TYR,GLN
2J4W_1,1.3899746490208,GLN,SER,GLY,PRO,PRO,TYR,TYR,GLU,LEU,VAL,SER,TYR,GLN
2J6E_1,0.925793695404115,GLN,PRO,GLY,PRO,LEU,TYR,TYR,GLY,LEU,ASN,SER,TYR,GLN
2JIX_1,2.50866798494161,GLN,PRO,GLY,PRO,ARG,TYR,TYR,GLY,LEU,ASN,SER,TYR,GLN
2LTQ_1,0.100606445720442,GLN,PRO,GLY,PRO,LEU,TYR,ASP,GLU,LEU,PRO,THR,TYR,GLN
2LTQ_2,0.0136365542751851,GLN,PRO,GLY,PRO,LEU,TYR,ASP,GLU,LEU,PRO,THR,TYR,GLN
2NR6_1,0.925109216039921,GLN,PRO,GLY,PRO,LEU,TYR,TYR,GLU,LEU,GLY,LYS,PHE,GLN
2NTF_1,1.90594192979229,GLU,PRO,ASP,PHE,GLY,PHE,TRP,GLY,LEU,ASP,LYS,PHE,GLN
2NZ9_1,0.291784077722726,GLN,PRO,GLY,PRO,LEU,TYR,TYR,GLY,LEU,SER,SER,TYR,GLN
2O5X_1,0.394601651922966,GLN,PRO,GLY,PRO,PHE,PHE,GLY,GLY,LEU,ALA,ASP,PHE,GLN
2OJZ_1,0.345513700183267,GLN,PRO,GLY,PRO,LEU,TYR,TYR,GLY,LEU,ASN,LYS,PHE,GLU
2OR9_1,4.00456136942768,GLN,PRO,GLY,PRO,LEU,PHE,GLY,ASP,LEU,PRO,SER,TYR,GLN
2OSL_1,1.44848784645586,GLN,PRO,GLY,PRO,PRO,TYR,ASN,GLY,LEU,ASN,LYS,TYR,ALA
2P8M_1,0.405682330457056,GLN,PRO,GLY,PRO,LEU,TYR,GLY,GLY,LEU,SER,SER,PHE,GLN
2PCP_1,2.08511576925611,GLN,PRO,GLY,PRO,LEU,TYR,TYR,GLY,LEU,ASN,LYS,TYR,GLN
2Q76_1,0.393415828275883,GLN,SER,HIS,PRO,LEU,PHE,TRP,GLY,LEU,ASN,LYS,TYR,GLN
2QAD_1,0.201374111786995,GLN,PRO,GLY,PRO,LEU,TYR,ALA,GLY,LEU,ALA,ARG,TYR,ARG
2QQK_1,0.999873737335119,GLN,PRO,GLY,PRO,LEU,TYR,GLY,GLY,LEU,ALA,SER,TYR,GLN
2QR0_1,0.43196531283457,GLN,PRO,GLY,PRO,LEU,TYR,SER,GLY,LEU,ALA,SER,TYR,GLN
2R29_1,0.00448283217769088,GLN,PRO,GLY,PRO,LEU,TYR,TYR,GLU,LEU,ASP,LYS,PHE,GLN
2R4R_1,0.723834172426254,GLN,PRO,GLY,PRO,THR,TYR,TYR,GLY,PHE,ASN,ARG,PHE,GLN
2R56_1,1.13389027135984,GLN,PRO,GLY,PRO,LEU,TYR,GLY,GLY,LEU,ALA,SER,TYR,ARG
2RCJ_1,59.2176569370778,GLN,PRO,GLY,PRO,LEU,TYR,ALA,GLY,LEU,ALA,SER,PHE,GLN
2UUD_1,1.67236976290293,GLN,PRO,GLY,PRO,LEU,TYR,TYR,GLY,LEU,SER,SER,TYR,GLN
2UYL_1,0.346897762295561,GLN,PRO,GLY,PRO,LEU,TYR,TRP,GLY,LEU,ASN,LYS,TYR,GLN
2V17_1,1.56911944492763,GLU,PRO,GLY,ASN,LEU,TYR,TYR,GLY,LEU,SER,SER,TYR,GLN
2V7H_1,0.750812344224905,GLN,PRO,ASP,VAL,ILE,PHE,TRP,GLY,LEU,ASN,LYS,TYR,GLN
2V7N_1,0.704070715006668,GLN,PRO,GLY,PRO,LEU,TYR,ALA,GLY,LEU,ALA,SER,TYR,GLN
2VC2_1,0.815947549265202,GLN,PRO,GLY,PHE,GLY,TYR,TYR,GLU,LEU,ASP,LYS,TYR,GLN
2VL5_1,1.03832669698318,GLN,PRO,GLY,PRO,LEU,TYR,TRP,GLY,LEU,SER,LYS,TYR,GLN
2VQ1_1,1.18125652620441,GLN,PRO,GLY,PRO,LEU,PHE,SER,GLY,LEU,ASN,ALA,TYR,GLN
2VWE_1,0.132731721003308,GLN,PRO,ASP,VAL,LEU,PHE,TRP,GLY,LEU,ASN,LYS,TYR,GLN
2VXS_1,0.911155326996448,GLN,PRO,GLY,PRO,ILE,TYR,ALA,GLY,LEU,ALA,SER,TYR,GLN
2VXT_1,0.470446431669255,GLN,PRO,ASP,PHE,ARG,TYR,PHE,GLY,LEU,ASN,LYS,PHE,GLN
2W60_1,1.74365326744539,GLN,PRO,GLY,PRO,ARG,TYR,SER,GLY,LEU,THR,ASP,PHE,GLN
2W9D_1,0.627292103260114,GLN,SER,GLY,PRO,ARG,PHE,ASN,GLY,LEU,ASN,LYS,TYR,GLN
2WUB_1,0.791807250049109,GLN,PRO,GLY,PRO,LEU,TYR,TYR,GLY,LEU,ALA,SER,TYR,GLN
2X7L_1,0.290696589646318,GLN,PRO,GLY,PRO,LEU,TYR,TRP,GLY,LEU,ALA,TRP,PHE,PRO
2XA8_1,0.524676039123427,GLN,PRO,GLY,PRO,LEU,TYR,SER,GLY,LEU,ASN,SER,TYR,GLN
2XKN_1,0.0813611204568878,GLN,PRO,ASP,VAL,LEU,PHE,ALA,GLU,LEU,PRO,SER,TYR,GLN
2XQY_1,0.855924474355067,GLN,PRO,GLY,PRO,LEU,TYR,TRP,GLY,LEU,ASN,ASP,TYR,GLN
2XZA_1,0.08881190461025,GLN,PRO,GLY,PRO,LEU,TYR,TYR,GLY,LEU,ASN,SER,TYR,GLN
2Y6S_1,0.101862974470609,GLN,PRO,GLY,PRO,LEU,TYR,VAL,GLY,LEU,THR,ASN,PHE,GLN
2YK1_1,0.847567886415005,GLN,PRO,GLY,PRO,LEU,TYR,ILE,GLY,LEU,ASN,SER,TYR,GLN
2Z91_1,0.266251127254576,GLN,SER,GLY,PRO,ARG,TYR,ASN,GLY,LEU,ASN,SER,TYR,GLN
2ZCH_1,0.190778852039041,GLN,PRO,GLY,PRO,LEU,TYR,TYR,GLY,LEU,SER,MET,PHE,GLN
2ZPK_1,1.97404202185376,GLU,PRO,ASP,PHE,GLY,PHE,GLY,GLY,LEU,ALA,ASP,PHE,GLN
3A6B_1,0.00304089159622724,GLN,SER,HIS,PRO,LEU,PHE,TYR,GLY,LEU,ASN,SER,TYR,GLN
3AAZ_1,0.724116234807988,GLN,PRO,GLY,PRO,LEU,TYR,GLY,GLY,LEU,ASN,SER,TYR,GLN
3B2U_1,0.838061235444558,GLN,PRO,GLY,PRO,LEU,TYR,TYR,GLY,LEU,ASN,SER,TYR,GLN
3B9K_1,0.311091628383024,GLN,PRO,GLY,PRO,GLN,TYR,SER,GLY,LEU,ASN,ALA,PHE,GLN
3BAE_1,0.427578444758678,GLN,PRO,GLY,PRO,LEU,TYR,GLY,GLY,LEU,ASN,SER,TYR,GLN
3BGF_1,1.66137213113514,GLU,PRO,ASP,ILE,ARG,TYR,ARG,GLY,LEU,ASN,LYS,PHE,GLN
3BN9_1,0.620974811276996,GLN,PRO,GLY,PRO,LEU,TYR,ALA,GLY,LEU,ALA,SER,TYR,GLN
3BSZ_1,0.639698998842815,GLN,PRO,GLY,PRO,LEU,TYR,TRP,GLY,LEU,ASN,LYS,TYR,GLN
3BZ4_1,1.02957415367339,GLN,PRO,GLY,PRO,LEU,TYR,TRP,GLU,LEU,ALA,SER,TYR,GLN
3C09_1,0.571147824833903,GLN,PRO,GLY,PRO,LEU,TYR,TRP,GLY,LEU,ASN,LYS,TYR,GLN
3CFB_1,2.66656968878751,GLN,PRO,GLY,PRO,LEU,TYR,ILE,GLU,LEU,PRO,SER,TYR,GLN
3CFD_1,0.225727643347022,GLN,PRO,ASP,VAL,LEU,PHE,ALA,GLY,LEU,ASN,SER,TYR,GLN
3CMO_1,0.977372185344202,GLN,PRO,ASP,VAL,LEU,TYR,TRP,GLY,LEU,ASN,LYS,TYR,GLN
3CSY_1,0.436876897998357,GLN,PRO,GLY,PRO,LEU,TYR,TYR,GLY,LEU,ALA,SER,TYR,GLN
3CVH_1,1.42440408712076,GLN,PRO,GLY,PRO,LEU,TYR,ASN,GLY,LEU,ASN,LYS,TYR,GLN
3CXD_1,1.12227321405173,GLN,GLN,GLY,PRO,LEU,TYR,ALA,GLY,LEU,ALA,SER,TYR,GLN
3DGG_1,1.92167652206621,GLN,PRO,GLY,PRO,LEU,TYR,VAL,GLY,LEU,ASN,LYS,TYR,GLN
3DIF_1,0.102405325371776,GLN,PRO,GLY,PRO,LEU,TYR,TYR,GLY,LEU,ASN,LYS,PHE,GLN
3DUR_1,2.71495133560816,GLN,PRO,GLY,PRO,LEU,TYR,TYR,GLY,LEU,SER,SER,TYR,GLN
3DUS_1,1.18053842136912,GLN,PRO,GLY,PRO,LEU,TYR,TYR,GLY,LEU,SER,SER,TYR,GLN
3DVN_1,0.416703683007484,GLN,PRO,GLY,PRO,LEU,TYR,LEU,GLY,LEU,ALA,SER,TYR,GLN
3EFF_1,0.464682999431334,GLN,PRO,GLY,PRO,LEU,TYR,SER,GLY,LEU,ALA,SER,TYR,GLN
3EO0_1,1.37195922727888,GLN,PRO,GLY,PRO,LEU,TYR,VAL,GLY,LEU,ALA,ARG,TYR,GLN
3EO9_1,0.78093317940961,GLN,PRO,GLY,PRO,LEU,TYR,TRP,GLY,LEU,ASN,LYS,TYR,GLN
3FN0_1,1.1744760792796,GLN,PRO,GLY,PRO,LEU,TYR,TYR,GLY,PRO,ASN,SER,TYR,SER
3FO1_1,0.137380948089608,GLN,PRO,GLY,PRO,LEU,TYR,GLY,GLY,LEU,ASN,ALA,TYR,GLN
3FO2_1,0.175314398473142,GLN,PRO,GLY,PRO,LEU,TYR,GLY,GLY,LEU,ASN,ALA,TYR,GLN
3FZU_1,0.593856559111712,GLN,PRO,GLY,PRO,LEU,TYR,TYR,GLY,LEU,ALA,SER,TYR,GLN
3G5X_1,1.12117224879342,GLN,PRO,GLY,PHE,GLY,TYR,ALA,GLY,LEU,ASN,SER,TYR,GLN
3G6A_1,1.88575994017858,GLN,PRO,GLY,PRO,LEU,TYR,TRP,GLY,LEU,ALA,SER,TYR,GLN
3G6J_1,1.27555699365023,GLN,PRO,GLY,PRO,LEU,TYR,SER,GLY,LEU,ALA,SER,TYR,GLN
3GI8_1,0.651129379960697,GLN,PRO,GLY,PRO,LEU,PHE,TRP,GLY,LEU,ASN,ASN,PHE,GLN
3GJE_1,1.46025832849123,GLN,PRO,GLY,PRO,LEU,TYR,GLN,GLY,LEU,ALA,SER,TYR,GLN
3GK8_1,0.000837678538184297,GLN,PRO,GLY,PRO,LEU,TYR,ASP,GLU,LEU,ASN,LYS,PHE,GLN
3H3P_1,0.204418913586779,GLN,PRO,GLY,PRO,LEU,TYR,ALA,GLY,LEU,ALA,ARG,TYR,GLN
3H42_1,0.765051353477657,GLN,PRO,GLY,PRO,LEU,TYR,SER,GLY,LEU,ALA,SER,PHE,GLN
3HAE_1,0.0557790059789523,GLN,PRO,GLY,PRO,LEU,TYR,GLY,GLY,LEU,ALA,SER,TYR,GLN
3HC0_1,0.0273063425690824,GLN,PRO,GLY,PRO,SER,PHE,TYR,GLY,LEU,ASN,LYS,TYR,GLN
3HI5_1,0.749781548143414,GLN,THR,GLY,PRO,ALA,TYR,VAL,GLY,LEU,ALA,SER,TYR,GLN
3HMW_1,1.24285613344747,GLN,PRO,GLU,PRO,SER,TYR,TRP,GLY,LEU,SER,SER,TYR,GLN
3HNS_1,0.1881338224279,GLN,PRO,ASP,VAL,LEU,PHE,TRP,GLY,LEU,LYS,LYS,TYR,GLN
3HR5_1,1.31928777431992,GLN,PRO,GLY,PRO,LEU,TYR,GLY,GLY,LEU,ALA,THR,TYR,GLN
3HZK_1,0.349505583249157,GLN,PRO,GLY,PRO,LEU,TYR,TYR,GLY,LEU,SER,SER,TYR,GLN
3I02_1,0.00251588592746044,GLN,PRO,GLY,PRO,LEU,TYR,TYR,GLY,LEU,SER,SER,TYR,GLN
3IDX_1,1.03055479292903,GLN,PRO,GLY,PRO,LEU,TYR,ALA,GLY,LEU,ALA,SER,TYR,GLN
3IET_1,0.0826317913426774,GLN,PRO,GLY,PRO,LEU,PHE,TRP,GLU,LEU,ALA,SER,TYR,GLN
3IF1_1,0.13752873340688,GLN,PRO,GLY,PRO,LEU,PHE,TRP,GLU,LEU,ALA,SER,TYR,GLN
3IFL_1,1.06521111102354,GLN,PRO,GLY,PRO,LEU,TYR,SER,GLY,LEU,ASN,SER,TYR,GLN
3IFO_1,0.238629446767365,GLN,PRO,GLY,PRO,LEU,TYR,GLY,GLY,LEU,ASN,SER,TYR,GLN
3IFP_1,0.197077755444393,GLN,PRO,GLY,PRO,LEU,TYR,GLY,GLY,LEU,ASN,SER,TYR,GLN
3IJH_1,0.460709558443976,GLN,PRO,GLY,PRO,LEU,TYR,TYR,GLY,LEU,SER,SER,TYR,GLN
3INU_1,0.212269920178297,GLN,PRO,GLY,PRO,LEU,TYR,ARG,GLY,LEU,ALA,SER,TYR,GLN
3IXT_1,0.614717726736929,GLN,PRO,GLY,PRO,LEU,TYR,SER,GLY,LEU,ASN,SER,TYR,GLN
3IXX_1,0.00426117280413206,GLN,SER,GLY,PRO,ILE,TYR,TYR,GLY,LEU,SER,SER,TYR,ALA
3IYW_1,0.00265160976264292,GLN,PRO,GLY,PRO,LEU,TYR,TYR,GLY,LEU,ALA,LYS,TYR,GLN
3J2X_1,0.00291153749270596,GLN,PRO,GLY,PRO,LEU,TYR,TYR,GLY,LEU,ASN,LYS,PHE,GLN
3J2Y_1,0.00358261681596061,GLN,PRO,GLY,PRO,LEU,TYR,TRP,ILE,LEU,ASN,LYS,TYR,THR
3J42_1,8.36006397827387,GLN,PRO,GLU,PRO,LEU,HIS,GLY,GLU,LEU,ALA,THR,TYR,GLN
3J5M_1,1.9642996309485,LYS,PRO,GLY,PRO,LEU,TYR,LEU,GLY,LEU,SER,ASP,PHE,ARG
3J7E_1,0.00320524636338497,GLN,PRO,GLY,PRO,LEU,PHE,TRP,GLY,LEU,THR,LYS,TYR,GLN
3J8V_1,0.00241878859142339,GLN,PRO,GLY,PRO,LEU,HIS,TRP,GLY,LEU,ASN,LYS,PHE,GLN
3J8W_1,0.00140198011754809,GLN,GLN,GLY,PRO,LEU,TYR,TRP,GLY,LEU,THR,LYS,TYR,GLN
3J8Z_1,0.00157282304577803,GLN,PRO,GLY,PRO,LEU,PHE,TRP,GLY,LEU,THR,LYS,TYR,GLN
3KDM_1,1.18809566299204,GLN,PRO,GLY,PRO,LEU,TYR,ALA,GLY,LEU,ALA,SER,TYR,GLN
3KS0_1,0.236852487426248,GLU,PRO,ASP,PHE,GLY,PHE,TYR,GLY,LEU,ASN,SER,PHE,GLN
3KYK_1,2.51675169006455,GLN,PRO,GLY,PRO,LEU,TYR,PRO,GLY,LEU,ALA,SER,TYR,ARG
3L5W_1,2.19216923212063,GLU,PRO,GLY,ASN,LEU,PHE,GLY,GLY,LEU,ASN,ALA,TYR,GLN
3L5X_1,0.642552312932313,GLN,PRO,GLY,PRO,LEU,TYR,GLY,GLY,LEU,ASN,ALA,TYR,GLN
3L95_1,1.91435725977415,GLN,PRO,GLY,PRO,LEU,TYR,TRP,GLY,LEU,ALA,SER,TYR,GLN
3LD8_1,0.132834251486578,LEU,PRO,GLY,PRO,LEU,PHE,HIS,GLY,LEU,ASN,SER,TYR,GLN
3LEX_1,0.197571291517768,GLN,PRO,GLY,PRO,ARG,TYR,ALA,GLY,LEU,ASN,SER,PHE,GLN
3LHP_1,0.523333971396854,GLN,PRO,GLY,PRO,LEU,TYR,ALA,GLY,LEU,ALA,ARG,TYR,GLN
3LMJ_1,1.84498654900584,GLN,PRO,GLY,PRO,LEU,TYR,SER,GLY,LEU,ALA,LYS,TYR,GLN
3LRS_1,1.85000450567586,GLN,PRO,GLY,PRO,VAL,PHE,GLY,GLY,LEU,SER,SER,PHE,LYS
3LRS_3,0.127390236378226,GLN,PRO,GLY,PRO,VAL,PHE,GLY,GLY,LEU,SER,SER,PHE,LYS
3LS4_1,0.410490335721194,GLN,PRO,GLY,PRO,LEU,TYR,VAL,GLU,LEU,PRO,SER,TYR,ALA
3M8O_1,1.11636698905251,GLN,PRO,GLY,PRO,PRO,TYR,ASN,GLY,LEU,ALA,SER,TYR,GLN
3MA9_1,0.353579553544182,GLN,PRO,GLY,PRO,LEU,TYR,ALA,GLY,LEU,ALA,LYS,TYR,GLN
3MAC_1,0.485910345002555,GLN,PRO,GLY,PRO,LEU,TYR,ALA,GLY,LEU,ALA,LYS,TYR,GLN
3MCK_1,0.375771392764937,GLN,PRO,GLY,PRO,LEU,TYR,GLY,GLY,LEU,ASN,SER,TYR,GLN
3MCL_1,1.48327455660182,GLN,SER,GLY,PRO,ARG,PHE,TRP,GLY,LEU,ASN,ASN,TYR,GLN
3MJ8_1,0.45397521424523,GLN,ALA,GLY,PRO,LEU,TYR,GLY,GLY,LEU,ASN,ASN,PHE,GLN
3MLW_1,0.504816966117917,GLN,PRO,GLY,PRO,LEU,TYR,TRP,GLY,LEU,SER,SER,TYR,GLN
3MLX_1,0.697579071271495,GLN,PRO,GLY,PRO,LEU,TYR,HIS,GLY,LEU,ASN,SER,TYR,GLN
3MME_1,0.147361053199275,GLN,PRO,GLY,PRO,VAL,PHE,GLY,GLY,LEU,SER,SER,PHE,LYS
3MUG_1,0.526273380147112,GLN,PRO,GLY,PRO,VAL,PHE,GLY,GLY,LEU,SER,SER,PHE,LYS
3MXV_1,1.18369250906559,GLN,PRO,GLY,PRO,LEU,PHE,ALA,ALA,LEU,ASN,LYS,TYR,GLN
3NA9_1,1.24298358676385,GLN,PRO,GLY,PRO,LEU,TYR,TRP,GLY,LEU,ALA,SER,TYR,GLN
3NCY_1,0.230825109223413,GLN,SER,GLY,PRO,ARG,TYR,ASP,GLY,LEU,ASN,LYS,PHE,GLN
3NFP_1,1.92618433772169,GLN,PRO,GLY,PRO,LEU,TYR,ARG,GLY,LEU,ASN,LYS,TYR,GLN
3NGB_1,0.681917068478786,GLN,PRO,GLY,PRO,LEU,TYR,THR,GLY,PRO,ALA,PRO,PHE,ARG
3NH7_1,0.522566011348727,GLN,PRO,GLY,PRO,LEU,TYR,THR,GLY,LEU,ALA,SER,TYR,GLN
3NZ8_1,1.55795564306626,GLN,PRO,GLY,PRO,LEU,TYR,ASP,GLY,LEU,ASN,LYS,PHE,GLN
3O0R_1,0.39940665179263,GLU,PRO,GLY,ASN,LEU,TYR,TRP,GLY,LEU,ASN,LYS,TYR,GLN
3O2V_1,0.100276226853628,GLN,PRO,GLY,PRO,PHE,PHE,GLY,GLY,LEU,ALA,ASP,PHE,GLN
3O41_1,0.702036427674756,GLN,PRO,GLY,PRO,LEU,TYR,GLY,GLY,LEU,ASN,SER,TYR,GLN
3O6K_1,1.51305665687839,GLN,PRO,GLY,PRO,ARG,TYR,ASP,GLU,LEU,PRO,SER,TYR,GLN
3OKD_1,1.25789848600006,GLN,PRO,GLY,PRO,LEU,TYR,TYR,GLY,LEU,SER,SER,TYR,GLN
3OPZ_2,0.170795279034578,HIS,SER,GLY,PRO,LEU,TYR,TRP,GLY,LEU,ASN,LYS,TYR,GLN
3P0V_1,1.05521634280476,GLN,PRO,GLY,PRO,LEU,TYR,TRP,GLY,LEU,ALA,SER,TYR,GLN
3PIQ_1,0.887259195936704,GLN,PRO,GLY,PRO,LEU,TYR,THR,GLY,LEU,ALA,SER,PHE,LYS
3PIQ_2,0.211208552899733,GLN,PRO,GLY,PRO,LEU,TYR,THR,GLY,LEU,ALA,SER,PHE,LYS
3PJS_1,0.516396546766628,GLN,PRO,GLY,PRO,LEU,TYR,SER,GLY,LEU,ALA,SER,TYR,GLN
3PNW_1,0.503894037663531,GLN,PRO,GLY,PRO,LEU,TYR,TYR,GLY,LEU,ALA,SER,TYR,GLN
3PP3_1,1.15722595366434,GLN,PRO,GLY,PRO,LEU,TYR,TRP,GLY,LEU,ASN,LYS,TYR,GLN
3Q3G_1,0.907691754977427,GLN,PRO,GLY,PRO,LEU,TYR,TYR,GLU,LEU,ASP,LYS,TYR,GLN
3Q6F_1,0.549676890440556,GLN,PRO,GLY,PRO,LEU,TYR,THR,GLY,LEU,ALA,SER,PHE,LYS
3QCT_1,1.04238226488112,GLN,PRO,GLY,PRO,LEU,PHE,LEU,GLY,LEU,ASN,ASN,PHE,GLN
3QEH_1,1.00786383532247,GLN,PRO,GLY,PRO,LEU,TYR,TYR,GLY,LEU,ALA,LYS,TYR,GLN
3QG6_1,2.04786025959593,GLN,PRO,GLY,PRO,LEU,TYR,ALA,GLY,LEU,ASN,SER,PHE,GLN
3QPQ_1,1.63962761358626,GLN,GLN,GLY,PRO,LEU,TYR,TRP,GLY,LEU,ASN,LYS,TYR,GLN
3QQ9_1,1.4582069178714,GLN,PRO,GLY,PRO,LEU,TYR,GLY,GLY,LEU,ASN,SER,TYR,GLN
3QUM_1,0.572238183490493,GLN,PRO,GLY,PRO,LEU,TYR,TRP,GLY,LEU,ASN,LYS,PHE,GLN
3QUM_2,1.73141883598626,GLN,PRO,GLY,PRO,ILE,TYR,TRP,GLY,LEU,ASN,LYS,TYR,ALA
3R06_1,4.20896046985482,GLN,PRO,GLY,PRO,LEU,TYR,GLY,GLY,LEU,ALA,ALA,TYR,GLN
3RA7_1,0.729175583827381,GLN,PRO,GLY,VAL,LEU,PHE,ALA,GLU,LEU,PRO,SER,TYR,PRO
3RHW_1,0.7971158884836,GLU,PRO,ASP,PHE,GLY,PHE,THR,GLY,LEU,ASN,LYS,TYR,GLN
3RKD_1,0.278778262696355,GLN,GLN,GLY,PRO,LEU,TYR,GLY,GLY,LEU,SER,ALA,TYR,GLN
3RVT_1,1.85539398008288,GLN,PRO,GLY,LEU,THR,TYR,ALA,GLY,LEU,ASN,SER,TYR,GLN
3S34_1,1.07857692239651,GLN,PRO,GLY,PRO,LEU,PHE,SER,GLY,LEU,ALA,SER,TYR,GLN
3S96_1,0.521313767323,GLN,PRO,LEU,PRO,TYR,ILE,GLY,GLY,PHE,VAL,ASP,PHE,GLN
3SGD_1,2.09113475245035,GLN,PRO,GLY,PRO,ARG,TYR,ALA,GLY,LEU,ALA,SER,TYR,GLN
3SKJ_1,5.39770527104176,GLN,PRO,GLY,PRO,LEU,TYR,MET,GLY,LEU,ALA,SER,TYR,GLN
3SM5_1,0.986238179752531,GLN,PRO,GLY,PRO,LEU,TYR,HIS,GLY,LEU,ALA,LYS,TYR,GLN
3TCL_1,2.1464085517154,HIS,PRO,GLY,PRO,LEU,TYR,GLY,GLY,LEU,GLY,SER,TYR,ARG
3TNN_1,1.52579698699902,GLN,PRO,GLY,PRO,LEU,TYR,ALA,GLY,LEU,ALA,SER,TYR,GLN
3TT1_1,0.100624123389972,GLN,PRO,GLY,PRO,LEU,TYR,TYR,GLY,LEU,ASP,LYS,PHE,GLN
3U0T_1,0.129689747630642,GLN,PRO,GLY,PRO,ARG,TYR,TYR,GLY,LEU,ALA,ARG,TYR,GLN
3U2S_1,0.249518256914532,GLN,PRO,GLY,PRO,VAL,TYR,GLY,GLY,LEU,ALA,SER,PHE,LYS
3U30_1,0.99377847688129,GLN,PRO,GLY,PRO,LEU,TYR,TYR,GLY,LEU,ALA,SER,TYR,GLN
3U36_1,0.20308088504091,GLN,PRO,GLY,PRO,VAL,TYR,GLY,GLY,LEU,ALA,SER,PHE,LYS
3U46_1,1.3823888259771,GLN,ARG,GLY,PRO,LEU,PHE,GLY,GLY,LEU,GLY,SER,TYR,ARG
3U7W_1,0.675157575492195,GLN,PRO,GLY,PRO,LEU,TYR,PRO,GLY,PRO,ALA,LYS,PHE,ARG
3U9U_1,0.450286305366374,GLN,PRO,GLY,PRO,LEU,TYR,GLY,GLY,LEU,ASN,ALA,TYR,GLN
3UAJ_1,0.62348311443829,GLN,PRO,GLY,PRO,LEU,TYR,TYR,GLY,LEU,ASN,SER,TYR,GLN
3UBX_1,0.128455139190692,GLN,PRO,GLY,PRO,LEU,TYR,GLY,GLY,LEU,ALA,ASP,LEU,GLN
3UJT_1,1.5802570838381,GLN,PRO,GLY,PRO,LEU,PHE,TRP,GLY,LEU,ASN,LYS,TYR,GLN
3ULS_1,2.47589521912291,GLN,PRO,GLY,PRO,LEU,TYR,ALA,GLY,LEU,ALA,SER,TYR,GLN
3UO1_1,0.376667136785582,GLN,PRO,GLY,PRO,LEU,PHE,TYR,GLU,LEU,LEU,SER,TYR,ALA
3V0V_1,0.820647451104511,GLN,PRO,GLY,PRO,LEU,TYR,TYR,GLY,PRO,SER,SER,TYR,GLN
3V4P_1,1.24374623431336,HIS,PRO,GLY,PRO,LEU,TYR,TRP,GLY,LEU,ASN,LYS,TYR,GLN
3V6F_1,1.59220663192431,GLN,PRO,GLY,PRO,LEU,TYR,GLY,ASP,LEU,PRO,THR,TYR,GLN
3V6O_1,0.40788888987321,GLN,PRO,GLY,PRO,ALA,PHE,GLY,GLY,LEU,ASN,LEU,TYR,GLN
3V7A_1,0.0234886730574533,GLN,GLN,GLY,PRO,LEU,TYR,LEU,GLY,LEU,ASN,LYS,PHE,GLN
3VG9_1,0.820455998210751,GLN,GLN,GLY,PRO,LEU,TYR,ASN,GLY,LEU,ASN,LYS,TYR,GLN
3VI3_1,0.839087199389509,GLN,PRO,GLY,PRO,LEU,PHE,TRP,GLY,LEU,ASN,LYS,TYR,GLN
3VRL_1,0.492089751163343,GLN,GLN,GLY,PRO,LEU,TYR,THR,GLU,LEU,SER,SER,TYR,GLN
3W11_1,0.834901285203827,GLN,PRO,GLY,PRO,LEU,TYR,GLY,GLY,LEU,ASN,ALA,TYR,GLN
3W14_1,0.0613408061611551,GLN,PRO,ASP,ILE,ARG,TYR,ASP,GLY,LEU,ASN,LYS,PHE,GLN
3W9D_1,3.53165008330912,GLN,PRO,GLY,PRO,LEU,TYR,GLY,GLY,LEU,ALA,LYS,TYR,GLN
3WE6_1,1.01475240369692,GLN,PRO,GLY,PRO,LEU,TYR,PHE,GLY,LEU,ASN,LYS,PHE,GLN
3WHE_1,0.346696105079499,GLN,PRO,GLY,PRO,LEU,TYR,GLY,GLY,LEU,VAL,LYS,TYR,GLN
3WIH_1,1.38442402718411,GLN,PRO,ASP,VAL,LEU,PHE,TYR,GLY,LEU,ASN,ASN,TYR,GLN
3WKM_1,0.97051324956669,GLN,PRO,GLY,PRO,LEU,TYR,TYR,GLU,LEU,ASP,LYS,TYR,GLN
3WLW_1,1.59704945567772,GLN,PRO,GLY,PRO,LEU,TYR,TRP,GLY,LEU,ALA,LYS,TYR,GLN
3X2D_1,1.19687773592916,GLN,PRO,GLY,PRO,LEU,TYR,TYR,GLY,LEU,ASN,SER,TYR,LYS
3ZKM_1,0.205815308618146,GLN,PRO,GLY,PRO,LEU,TYR,GLY,GLY,LEU,ASN,ALA,TYR,GLN
3ZTJ_1,3.29955117512392,GLN,PRO,GLY,PRO,LEU,TYR,ALA,GLY,LEU,ALA,SER,TYR,GLN
43CA_1,1.13651595350908,GLN,PRO,GLY,PRO,LEU,PHE,ASN,GLY,LEU,ASN,ALA,TYR,GLN
4AEI_1,0.507837874689357,GLN,PRO,GLY,PRO,LEU,TYR,TYR,GLU,LEU,PRO,SER,TYR,GLN
4AL8_1,1.28885256148043,GLN,PRO,GLY,PRO,ALA,PHE,TRP,GLY,LEU,ASP,LYS,TYR,GLN
4AT6_3,0.559410861609708,GLU,PRO,ASP,PHE,GLY,PHE,ASN,GLY,LEU,ASN,LYS,HIS,GLN
4C2I_1,2.7739282837998,GLN,PRO,GLY,PRO,LEU,TYR,GLY,GLY,LEU,ALA,SER,TYR,GLN
4C83_1,0.397353705940312,GLN,SER,GLY,PRO,ARG,TYR,GLY,GLU,LEU,ALA,THR,TYR,GLN
4CAD_1,0.202570775470986,GLN,GLN,GLY,PRO,LEU,TYR,TRP,GLY,LEU,ASN,LYS,TYR,GLN
4CNI_1,0.429393421302659,GLN,PRO,GLY,PRO,LEU,TYR,PHE,GLY,LEU,ALA,SER,TYR,GLN
4D9L_1,1.214783936349,GLN,PRO,GLY,PRO,LEU,TYR,THR,GLY,LEU,ALA,LYS,TYR,GLN
4D9Q_1,0.724275221862057,GLN,PRO,GLY,PRO,LEU,TYR,GLY,GLY,LEU,ALA,ASP,TYR,GLN
4DGI_1,0.832288462054035,GLN,THR,ASN,PRO,LEU,TYR,TRP,GLY,LEU,ASN,LYS,PHE,GLN
4DGV_1,0.44528211067592,GLN,PRO,GLY,PRO,LEU,TYR,GLY,GLY,LEU,ALA,SER,TYR,LEU
4DKE_1,0.232649444718875,GLN,PRO,GLY,PRO,LEU,TYR,TRP,GLY,LEU,ALA,SER,TYR,GLN
4DKF_1,1.54040808118433,GLN,PRO,GLY,PRO,LEU,TYR,GLY,GLY,LEU,ALA,SER,TYR,GLN
4DN3_1,1.64481027610618,GLN,PRO,GLY,PRO,LEU,TYR,GLY,GLY,LEU,ALA,LYS,TYR,GLN
4DVB_1,0.295318620999422,GLN,SER,GLY,PRO,LEU,TYR,ALA,GLU,LEU,SER,SER,TYR,GLN
4EBQ_1,0.354473568110985,GLN,PRO,GLY,PRO,LEU,TYR,TRP,GLY,LEU,ASN,LYS,TYR,ALA
4EDX_1,0.432973502935801,GLN,PRO,ASP,VAL,LEU,PHE,ASP,GLY,LEU,ASN,ALA,SER,GLN
4EVN_1,0.0901241204204156,GLN,PRO,GLY,PRO,LEU,TYR,ALA,GLY,PRO,ALA,LYS,TYR,LYS
4F2M_1,0.0969012061870243,GLN,THR,ASN,PRO,PRO,PHE,TRP,GLY,LEU,SER,LYS,PHE,GLN
4F33_1,0.216028950834603,GLN,SER,GLY,PRO,ARG,TYR,THR,GLY,LEU,ASN,LYS,PHE,SER
4F37_1,2.30942913213158,GLN,PRO,GLY,PRO,LEU,TYR,GLY,GLY,LEU,ASN,SER,TYR,GLN
4F58_1,0.470993921411943,GLN,PRO,GLY,PRO,ALA,TYR,GLY,GLY,LEU,ALA,SER,TYR,GLN
4FFV_1,0.898519879746965,GLN,PRO,GLY,PRO,PRO,PHE,ASN,GLY,LEU,ASN,LYS,TYR,THR
4FFW_1,0.171669263016124,GLN,PRO,SER,PRO,PRO,PHE,ASN,GLY,LEU,ASN,LYS,TYR,THR
4FFZ_1,0.0134555349392011,GLN,PRO,GLY,PRO,LEU,TYR,TRP,GLY,LEU,ASN,LYS,TYR,THR
4FNL_1,0.40288634462036,GLN,PRO,GLY,PRO,LEU,TYR,ALA,GLY,LEU,ALA,SER,TYR,GLN
4FQC_1,4.0669593002267,HIS,ALA,GLY,PRO,LEU,TYR,TYR,GLY,LEU,SER,SER,TYR,ASN
4FQH_1,2.12834319104221,GLN,PRO,GLY,PRO,LEU,TYR,ALA,GLY,LEU,ALA,LYS,PHE,GLN
4FQK_1,0.243079269741376,GLN,PRO,GLY,PRO,LEU,TYR,GLY,GLY,LEU,ALA,LYS,TYR,PRO
4FQQ_1,0.82457913785185,GLN,PRO,GLY,PRO,LEU,TYR,TYR,GLY,LEU,ASN,SER,TYR,LYS
4FQQ_2,0.344312919176725,GLN,PRO,GLY,PRO,LEU,TYR,TYR,GLY,LEU,ASN,SER,TYR,LYS
4G5Z_1,2.09637220210582,GLN,PRO,ASP,PRO,LEU,TYR,GLY,ALA,LEU,ALA,SER,TYR,GLN
4G6F_1,0.713772925269362,LYS,PRO,GLY,PRO,LEU,TYR,TRP,GLY,LEU,ALA,PRO,PHE,ARG
4G6K_1,0.193008331458776,GLN,PRO,GLY,VAL,LEU,PHE,GLY,GLY,LEU,ASN,SER,PHE,GLN
4G7V_1,0.35323377832818,GLN,PRO,GLY,PRO,LEU,TYR,SER,GLY,LEU,ALA,SER,TYR,GLN
4G80_1,0.24577127991878,GLN,PRO,GLY,PRO,LEU,TYR,SER,GLY,LEU,ALA,SER,TYR,GLN
4GAG_1,2.03620236477431,GLN,PRO,GLY,PRO,LEU,TYR,TYR,GLY,LEU,ASN,SER,TYR,GLN
4GMS_1,1.43551668537917,GLU,PRO,GLY,PRO,THR,PHE,TRP,GLY,LEU,ASN,ASN,TYR,GLN
4GXU_1,1.30570487013763,GLN,PRO,GLY,PRO,LEU,TYR,ALA,GLY,LEU,ALA,SER,TYR,GLN
4HC1_1,0.308489475428255,GLN,PRO,GLY,PHE,GLY,TYR,TYR,GLY,LEU,ASN,SER,TYR,GLN
4HCR_1,0.266562285944579,GLN,PRO,GLY,PRO,LEU,TYR,GLY,GLY,LEU,ALA,LYS,TYR,GLN
4HDI_1,1.90590167688472,GLN,PRO,GLY,PRO,LEU,PHE,PHE,GLU,LEU,PRO,THR,TYR,GLN
4HFW_1,1.41418527810185,LYS,PRO,GLY,PRO,LEU,TYR,TYR,GLY,LEU,ALA,ARG,TYR,GLN
4HG4_1,0.905787267283312,GLN,PRO,GLY,PRO,LEU,TYR,VAL,GLY,LEU,ALA,LYS,TYR,GLN
4HH9_1,3.97285037796748,GLN,PRO,GLY,PRO,LEU,TYR,GLY,GLY,LEU,ALA,LEU,PHE,GLN
4HIE_1,0.758204338723848,GLN,PRO,GLY,PRO,LEU,TYR,GLY,GLY,LEU,ALA,SER,TYR,GLN
4HIX_1,0.0443044824820222,GLN,PRO,GLY,PRO,ARG,TYR,GLY,GLY,LEU,SER,ASN,TYR,GLN
4HJ0_1,0.420004457462064,GLN,PRO,GLY,PRO,LEU,TYR,ALA,GLY,LEU,ALA,LYS,TYR,LYS
4HJG_1,2.52265506067804,GLN,THR,ASN,PRO,LEU,TYR,TYR,GLY,LEU,ALA,SER,TYR,GLN
4HLZ_1,0.595136031029323,GLN,PRO,GLY,PRO,LEU,TYR,TYR,GLY,LEU,SER,SER,TYR,GLN
4HS6_1,1.15113307021908,GLN,PRO,GLY,PRO,LEU,TYR,TYR,GLY,LEU,SER,SER,TYR,GLN
4HZL_1,1.35489932424682,GLN,PRO,GLY,PRO,LEU,TYR,ALA,GLU,LEU,PRO,ASN,TYR,GLN
4I9W_1,0.620634855621072,GLN,SER,GLY,PRO,ARG,TYR,ILE,GLY,LEU,ASN,LYS,TYR,GLN
4IMK_1,1.60226578240253,GLN,PRO,GLY,PRO,LEU,TYR,TYR,GLY,LEU,ALA,LYS,TYR,GLN
4IML_1,1.07108646126842,GLN,PRO,GLY,PRO,LEU,TYR,TYR,GLY,LEU,ALA,LYS,TYR,GLN
4IOF_1,1.88601641998419,GLN,PRO,GLY,PRO,LEU,TYR,SER,GLY,LEU,ALA,SER,TYR,GLN
4J1U_1,1.48466331808949,GLN,PRO,GLY,PRO,LYS,TYR,GLY,GLY,LEU,ASN,ALA,TYR,GLN
4J8R_1,0.818467613942055,GLN,PRO,GLY,PRO,LEU,PHE,LEU,GLY,LEU,ASN,LYS,PHE,GLN
4JAM_1,5.09396653340665,VAL,PRO,GLY,PRO,VAL,TYR,TYR,GLY,LEU,SER,SER,PHE,ARG
4JDV_1,0.254144783760162,GLN,PRO,GLY,PRO,LEU,TYR,TYR,GLY,LEU,ALA,LYS,TYR,GLN
4JHA_1,0.814346595621299,GLN,PRO,GLY,PRO,LEU,TYR,ILE,GLY,PRO,ALA,LYS,TYR,GLN
4JLR_1,0.264025893920466,GLN,PRO,GLY,PRO,LEU,TYR,SER,GLY,LEU,ASN,SER,TYR,GLN
4JM2_2,1.66503078235539,TYR,PRO,GLY,PRO,LEU,TYR,HIS,GLY,LEU,LYS,SER,PHE,PRO
4JN1_1,0.329901375869367,GLN,PRO,GLY,PRO,ARG,TYR,ILE,GLY,LEU,ASN,ALA,TYR,GLN
4JO3_1,0.339018554518162,GLN,PRO,GLY,PRO,LEU,TYR,TYR,GLY,LEU,ALA,TRP,PHE,PRO
4JR9_1,0.306915323990728,GLN,PRO,GLY,PRO,LEU,TYR,GLY,GLY,LEU,GLY,ALA,PHE,GLN
4JY6_1,0.915240126694902,GLN,PRO,GLY,PRO,LEU,TYR,TYR,GLY,PRO,ASN,SER,PHE,LYS
4JZJ_1,0.245250794666399,GLN,PRO,GLY,PRO,PRO,TYR,TYR,GLY,LEU,ASN,LYS,TYR,GLN
4JZO_1,0.906791542619543,GLN,PRO,GLY,PRO,LEU,TYR,VAL,GLY,LEU,ALA,GLY,TYR,GLN
4K23_1,1.05037530364746,GLN,PRO,GLY,PRO,ARG,TYR,TYR,GLY,LEU,ASN,LYS,TYR,GLN
4K2U_1,0.256893307818638,GLN,PRO,ASP,VAL,LEU,PHE,TYR,LEU,ASP,LYS,TYR,GLN
4K8R_2,1.19282832867852,GLN,PRO,GLY,PRO,LEU,TYR,ASP,GLY,LEU,PRO,SER,TYR,GLN
4KI5_1,0.557998337539938,GLN,PRO,GLY,PRO,PHE,TYR,SER,GLY,LEU,ALA,ASP,PHE,GLN
4KPH_1,1.08698858567052,GLN,SER,GLY,PRO,LEU,TYR,TYR,GLY,LEU,ASN,SER,TYR,GLN
4KUC_1,0.955917151389441,GLN,PRO,GLY,PRO,LEU,TYR,TRP,GLY,LEU,ASP,LYS,TYR,GLN
4LF3_1,0.308894647613872,GLN,PRO,GLY,PRO,ARG,TYR,GLY,GLY,LEU,VAL,SER,TYR,GLN
4LLW_1,0.721779246896168,ARG,PRO,GLY,PRO,LEU,TYR,THR,GLY,LEU,ASN,ARG,TYR,GLN
4LLY_1,0.128554841246839,ASP,PRO,GLY,PRO,LEU,TYR,THR,GLY,LEU,ASN,GLU,TYR,GLN
4LMQ_1,0.348680010657336,GLN,PRO,GLY,PRO,LEU,TYR,SER,GLY,LEU,ASN,ASN,TYR,GLN
4LU5_1,0.0561322576109317,GLN,PRO,GLY,PRO,ARG,TYR,TYR,GLU,LEU,PRO,THR,TYR,GLN
4LVH_1,0.239238070884074,GLN,PRO,GLY,PRO,LEU,PHE,ASP,GLY,LEU,ARG,SER,TYR,GLN
4LVN_1,1.30800117409141,GLN,PRO,GLY,PRO,LEU,TYR,SER,GLY,LEU,ASN,SER,TYR,ALA
4M48_1,0.585999907647276,GLN,SER,GLY,PRO,LEU,TYR,ALA,GLU,LEU,SER,THR,TYR,GLN
4M5Y_1,0.868605616769966,GLN,PRO,GLY,PRO,LEU,TYR,TYR,GLY,LEU,LYS,SER,TYR,GLN
4M61_1,0.179243790856198,GLN,PRO,GLY,PRO,LEU,TYR,ASN,GLY,LEU,ASN,LYS,TYR,GLN
4M62_1,0.396246376720971,GLN,PRO,GLY,PRO,LEU,TYR,ALA,GLY,LEU,ALA,LYS,TYR,GLN
4M6M_1,0.120888389525217,GLN,PRO,GLY,PRO,LEU,TYR,TRP,GLY,LEU,SER,SER,TYR,GLN
4M7J_1,3.44701853622632,GLN,PRO,GLY,PRO,LEU,TYR,GLY,GLY,LEU,ASN,ALA,TYR,GLN
4M7K_1,0.552338784454344,GLN,PRO,GLY,PRO,LEU,TYR,TRP,GLY,LEU,ASN,ASN,TYR,GLN
4MA3_1,2.01929671669132,GLN,PRO,GLY,PRO,ARG,TYR,PRO,GLY,LEU,ALA,TRP,PHE,PRO
4MHH_1,0.723324066596248,GLN,PRO,GLY,PRO,LEU,PHE,THR,GLY,LEU,ASN,LYS,TYR,ALA
4MHJ_1,1.47300666280163,GLN,PRO,GLY,PRO,LEU,PHE,THR,GLY,LEU,ASN,LYS,TYR,ALA
4MHJ_2,0.397157090032291,GLN,PRO,GLY,PRO,LEU,PHE,THR,GLY,LEU,ASN,LYS,TYR,ALA
4MWF_1,3.63839885071229,GLN,PRO,GLY,PRO,LEU,PHE,ALA,GLY,LEU,ALA,LYS,TYR,GLN
4MXV_1,1.17216515445585,GLN,PRO,GLY,PRO,LEU,TYR,VAL,GLY,LEU,ASN,LYS,TYR,GLN
4N8C_1,0.631208060614326,GLN,PRO,GLY,PRO,LEU,PHE,ALA,ALA,LEU,ASN,LYS,TYR,GLN
4N90_1,0.700168485983432,GLN,PRO,GLY,PRO,LEU,TYR,PHE,GLY,LEU,ASN,SER,TYR,GLN
4NCC_1,0.0560247773801914,GLN,PRO,GLY,PRO,LEU,TYR,TRP,GLY,LEU,THR,SER,TYR,GLN
4NCO_1,0.00755530081024822,GLN,PRO,GLY,PRO,LEU,TYR,TYR,GLY,PRO,ASN,SER,TYR,LYS
4NKD_1,2.16927678644986,GLN,PRO,GLY,PRO,LEU,TYR,GLY,GLY,LEU,ASN,SER,TYR,GLN
4NKM_1,0.423377532565892,GLN,PRO,GLY,PRO,LEU,TYR,GLY,GLY,LEU,ASN,SER,TYR,GLN
4NKO_1,0.176117219085283,GLN,PRO,GLY,PRO,LEU,TYR,TYR,GLY,LEU,ASN,LYS,TYR,GLN
4NM4_1,0.638231582115535,GLN,PRO,GLY,PRO,VAL,TYR,SER,GLY,LEU,SER,LYS,PHE,LYS
4NNP_1,0.772963171252354,GLN,PRO,GLY,PRO,LEU,TYR,SER,GLY,LEU,ALA,SER,TYR,GLN
4NP4_1,2.06950780127498,GLN,PRO,GLY,PRO,LEU,TYR,TRP,GLY,LEU,SER,SER,TYR,GLN
4NRX_2,0.728962037579459,GLN,PRO,GLY,PRO,LEU,TYR,TRP,GLY,LEU,SER,SER,TYR,GLN
4NRZ_1,0.0725661263124874,GLN,PRO,GLY,PRO,LEU,TYR,TRP,GLY,LEU,SER,SER,TYR,GLN
4NYL_1,0.3979496973555,GLN,PRO,GLY,PRO,LEU,TYR,ALA,GLY,LEU,ALA,SER,TYR,GLN
4O51_1,0.39549663677152,GLN,PRO,GLY,PRO,ARG,TYR,PRO,GLY,LEU,ALA,TRP,PHE,PRO
4O58_1,1.20607907078848,HIS,PRO,GLY,PRO,LEU,TYR,ALA,GLY,LEU,ALA,LYS,TYR,GLN
4OAW_1,0.152907598790906,GLN,SER,GLY,PRO,LEU,TYR,THR,GLY,LEU,ALA,LYS,TYR,GLN
4OCX_1,0.981229452835573,GLN,PRO,GLY,PRO,LEU,TYR,ALA,GLY,LEU,HIS,SER,PHE,GLN
4ODT_1,0.812252779377025,GLN,PRO,ASP,VAL,VAL,PHE,ALA,GLY,LEU,ALA,SER,TYR,GLN
4ODV_1,0.940317210321246,GLN,PRO,ASP,VAL,LEU,PHE,TYR,GLU,LEU,PRO,THR,TYR,GLN
4ODX_1,0.930653640311204,GLN,PRO,GLY,PRO,LEU,TYR,ALA,GLY,LEU,ALA,LYS,TYR,GLN
4OGX_1,0.310453818066391,GLN,PRO,GLY,PRO,LEU,TYR,ILE,GLY,LEU,ALA,SER,TYR,GLN
4OII_1,0.00574948523783198,GLN,GLN,GLY,PRO,LEU,TYR,TRP,GLY,PHE,ASN,LYS,TYR,GLN
4OKV_1,0.15597007826022,GLN,PRO,GLY,PRO,ARG,TYR,TRP,GLY,LEU,ASN,MET,TYR,GLN
4OLU_1,0.195773118973214,GLN,PRO,GLY,PRO,LEU,TYR,PRO,GLY,PRO,ALA,GLN,PHE,GLN
4ORG_3,0.643291101291243,GLN,PRO,GLY,PRO,LEU,TYR,GLY,GLY,LEU,ALA,LYS,TYR,GLN
4OTX_1,0.236938754453551,GLN,PRO,GLY,PRO,LEU,TYR,TRP,GLY,LEU,THR,LYS,TYR,GLN
4OUU_1,0.433741064730904,GLN,PRO,GLY,PRO,LEU,TYR,ALA,GLU,LEU,LEU,SER,PHE,GLN
4OZ4_1,0.146439693063389,GLN,PRO,GLY,PRO,LEU,TYR,VAL,GLY,LEU,ASN,LYS,PHE,GLN
4PLJ_1,1.51282281920649,GLN,GLN,GLY,PRO,VAL,TYR,ASN,GLY,LEU,ASN,LYS,TYR,GLN
4POZ_1,0.656404497420861,GLN,PRO,ASP,VAL,LEU,PHE,PHE,GLY,LEU,LYS,SER,TYR,GLN
4PP1_1,0.0554576777416847,GLN,PRO,ASP,VAL,LEU,PHE,GLY,GLY,LEU,ASN,VAL,TYR,GLN
4PTT_1,0.275803464467907,HIS,PRO,GLY,PRO,PRO,TYR,GLY,GLY,LEU,ALA,SER,TYR,HIS
4PY7_1,0.576331864259934,GLN,PRO,GLY,PRO,LEU,TYR,ALA,GLY,LEU,ALA,SER,TYR,GLN
4Q2Z_1,0.691440830449361,GLN,PRO,GLY,PRO,LEU,TYR,TYR,GLY,LEU,ALA,LYS,TYR,GLN
4Q5Z_2,1.42375879681233,GLN,PRO,GLY,PRO,LEU,TYR,SER,GLY,LEU,ALA,SER,TYR,GLN
4Q6I_1,0.333750622815273,GLU,ALA,GLY,PRO,LEU,TYR,SER,GLY,LEU,VAL,ASP,PHE,GLN
4QCI_1,0.540774053048035,GLN,PRO,GLY,PRO,LEU,TYR,ALA,GLY,LEU,ALA,SER,TYR,GLN
4QEX_1,0.109995409561032,GLN,PRO,GLY,PRO,LEU,TYR,THR,GLY,LEU,SER,LYS,TYR,GLN
4QF1_1,1.24931696810717,GLN,SER,GLY,PRO,LEU,TYR,ALA,GLY,LEU,ALA,SER,TYR,GLN
4QHK_1,1.25622257293224,GLN,PRO,GLY,PRO,LEU,TYR,TYR,GLY,LEU,ASN,SER,TYR,GLN
4QHK_3,0.259081803306407,GLN,PRO,GLY,PRO,LEU,TYR,TYR,GLY,LEU,ASN,SER,TYR,GLN
4QHL_1,0.579630984887798,GLN,PRO,GLY,PRO,LEU,TYR,TYR,VAL,LEU,ASN,SER,TYR,GLN
4QHM_1,0.680964982421025,VAL,PRO,GLY,PRO,VAL,TYR,TYR,VAL,LEU,ASN,SER,TYR,GLN
4QHU_1,0.264848259106985,GLN,PRO,GLY,PRO,LEU,TYR,ALA,GLY,LEU,ALA,SER,TYR,GLN
4QNP_1,0.440161950473343,GLN,PRO,GLY,PRO,PRO,TYR,ALA,GLY,LEU,ALA,SER,TYR,ALA
4QT5_1,2.5631468233959,GLN,PRO,GLY,PRO,ARG,TYR,TRP,GLY,LEU,ASN,ASN,TYR,GLN
4QTH_1,1.23696946960276,GLN,PRO,ASP,ILE,ARG,TYR,TRP,GLY,LEU,ASN,MET,TYR,THR
4QWW_1,0.110313607612566,GLN,PRO,GLY,PRO,PRO,TYR,ALA,GLY,LEU,ALA,SER,TYR,GLN
4QXT_1,0.899392536970136,GLN,PRO,GLY,PRO,LEU,TYR,PHE,GLU,LEU,ALA,LYS,TYR,GLN
4R26_1,2.07915764473861,HIS,PRO,GLY,PRO,LEU,TYR,TYR,GLY,LEU,ASN,SER,PHE,LYS
4R4F_1,3.24538183066099,GLN,PRO,GLY,PRO,LEU,TYR,TYR,GLY,LEU,HIS,SER,PHE,GLN
4R4N_1,3.20868305251454,GLN,PRO,GLY,PRO,LEU,TYR,TYR,GLY,LEU,HIS,SER,PHE,GLN
4R7D_1,1.37833833501303,GLN,PRO,ASP,PRO,LEU,TYR,SER,GLY,LEU,ASN,SER,TYR,GLN
4R7N_1,0.988127317950728,GLN,PRO,ASP,PRO,LEU,TYR,SER,GLY,LEU,ASN,SER,TYR,GLN
4R8W_1,0.52358980592904,GLN,SER,GLY,PRO,ARG,TYR,GLY,GLY,PRO,ALA,LYS,PHE,GLN
4R97_1,1.08287498282781,GLN,PRO,GLY,PRO,ALA,PHE,PHE,GLY,LEU,ASN,LYS,TYR,GLN
4RDQ_1,0.139477041353408,GLN,GLN,GLY,PRO,LEU,PHE,TRP,GLY,LEU,ASN,LYS,TYR,GLN
4RFE_1,1.20224709887438,GLN,PRO,GLY,PRO,LEU,TYR,TYR,GLY,LEU,ASN,SER,TYR,GLN
4RGM_1,0.162976799354998,GLN,PRO,ASP,ILE,ARG,TYR,GLY,GLY,LEU,ALA,GLU,PHE,GLN
4RGN_1,0.153546323502065,GLN,SER,HIS,PRO,LEU,TYR,GLY,GLU,LEU,PRO,SER,TYR,GLN
4RGN_2,0.0554795980518963,GLN,PRO,GLY,PRO,LEU,TYR,TRP,GLY,LEU,ASN,ILE,TYR,GLN
4RIR_1,1.25847282117904,GLN,PRO,GLY,PRO,THR,TYR,TRP,GLY,LEU,SER,SER,TYR,GLN
4S1D_1,1.95483999616337,GLN,GLN,GLY,PRO,LEU,TYR,PHE,GLU,LEU,ASP,LYS,TYR,GLN
4S2S_1,0.269325659245458,GLN,PRO,GLY,PRO,LEU,TYR,ALA,GLU,LEU,THR,SER,PHE,GLN
4TPR_1,3.89171773375202,GLN,PRO,GLY,PRO,LEU,TYR,TYR,GLU,LEU,ALA,LYS,PHE,GLN
4TRP_1,2.59057174075226,GLN,PRO,GLY,PRO,LEU,PHE,ASN,GLY,LEU,ASN,LYS,TYR,GLN
4TTD_1,0.0436044467686514,GLN,PRO,GLY,PRO,LEU,TYR,TYR,GLY,LEU,ALA,SER,TYR,LYS
4U1G_1,0.664500769192933,GLN,PRO,GLY,PRO,LEU,TYR,TYR,GLU,LEU,PRO,SER,PHE,GLN
4U6H_1,0.183231165995306,GLN,PRO,GLY,PRO,LEU,PHE,TRP,GLY,LEU,ASN,LYS,TYR,GLN
4U6V_1,0.0353383684965795,GLN,PRO,GLY,PRO,LEU,TYR,ASP,GLY,LEU,PRO,SER,TYR,GLN
4UIF_1,4.61721071375209,GLN,PRO,GLY,PRO,LEU,TYR,ALA,GLY,LEU,ALA,LYS,TYR,ARG
4UIK_1,0.182333847489984,GLN,PRO,ASP,VAL,VAL,PHE,TRP,GLY,LEU,ASN,LYS,TYR,GLN
4UIM_1,1.34087282764008,GLN,PRO,ASP,VAL,LEU,PHE,TRP,GLY,LEU,ASN,ARG,TYR,GLN
4UT6_1,0.000674579869252052,GLN,PRO,GLY,PRO,LEU,TYR,TRP,GLY,LEU,ALA,SER,PHE,GLN
4UT9_1,0.267819998951254,GLN,PRO,GLY,PRO,LEU,TYR,ALA,GLY,LEU,SER,LYS,TYR,GLN
4UTB_1,0.344848906116868,GLN,PRO,GLY,PRO,LEU,TYR,TRP,GLY,LEU,ALA,PHE,TYR,GLN
4UU9_1,0.904611604666886,GLN,PRO,GLY,PRO,LEU,TYR,ALA,GLY,LEU,ALA,SER,TYR,GLN
4WHY_1,1.30819025154001,GLN,PRO,GLY,PRO,LEU,TYR,TYR,THR,LEU,ARG,SER,TYR,GLN
4WV1_1,0.000257386868355222,GLN,PRO,GLY,PRO,LEU,TYR,GLY,GLY,LEU,ALA,SER,TYR,GLN
4XAK_1,0.400939444427709,GLN,PRO,GLY,PRO,LEU,TYR,ALA,GLY,LEU,ALA,LYS,TYR,GLN
4XHJ_1,0.622077897855651,GLN,PRO,GLY,PRO,LEU,TYR,HIS,GLY,LEU,ALA,LYS,TYR,GLN
4XMK_1,0.81305081106759,GLN,PRO,GLY,PRO,LEU,TYR,TYR,GLY,LEU,ALA,SER,PHE,GLN
4XNM_1,1.2355492114987,GLN,PRO,GLY,PRO,LEU,TYR,TRP,GLY,LEU,ASN,SER,TYR,GLN
4XTR_1,1.29946161579828,GLN,PRO,GLY,PRO,LEU,TYR,SER,GLY,LEU,ALA,SER,TYR,GLN
4XVS_1,1.57984696190502,GLN,PRO,GLY,PRO,LEU,TYR,PRO,GLY,LEU,PRO,LYS,PHE,ARG
4XWG_1,1.52167946282037,ARG,PRO,GLY,PRO,LEU,TYR,GLY,GLY,LEU,GLU,SER,TYR,GLN
4XXD_1,0.383841602458618,GLN,PRO,GLY,PRO,LEU,TYR,SER,GLY,LEU,PRO,THR,TYR,GLN
4Y5X_1,0.60163042836418,GLN,PRO,GLY,PRO,LEU,TYR,ALA,GLY,LEU,ALA,SER,TYR,ARG
4Y5Y_1,0.248705718399276,GLN,PRO,GLY,PRO,LEU,TYR,TRP,GLY,LEU,VAL,SER,TYR,GLN
4YAQ_1,1.66696534577432,GLN,PRO,GLY,PRO,VAL,TYR,GLY,GLY,LEU,ALA,SER,PHE,LYS
4YDJ_1,1.46427813669467,GLN,PRO,ASN,PRO,LEU,TYR,PHE,GLY,LEU,ALA,LYS,PHE,ARG
4YDV_1,0.162190496614319,GLN,PRO,GLY,PRO,LEU,TYR,TYR,GLY,LEU,SER,SER,TYR,GLN
4YGV_1,0.550081699608793,GLN,PRO,GLY,PRO,LEU,TYR,TYR,GLY,LEU,ASN,LYS,TYR,GLN
4YK4_1,0.436404385038123,GLN,PRO,GLY,PRO,LEU,TYR,TYR,GLY,LEU,ASN,SER,TYR,LYS
4YPG_1,0.00878085200877725,GLN,PRO,GLY,PRO,LEU,TYR,SER,GLY,LEU,ALA,LYS,TYR,GLN
4YZF_1,1.19339642848109,GLN,PRO,GLY,PRO,LEU,TYR,GLY,GLY,LEU,ASN,ALA,TYR,GLN
4Z5R_1,0.838621536834789,GLN,PRO,GLY,PRO,VAL,TYR,ILE,GLY,LEU,ASN,ARG,TYR,GLN
4ZFF_1,2.93905375128345,GLN,PRO,GLY,PRO,LEU,TYR,TRP,GLY,LEU,ALA,SER,TYR,GLN
4ZFO_1,2.52094669069469,GLN,PRO,ARG,PRO,ALA,PHE,TRP,GLY,LEU,ALA,SER,TYR,GLN
4ZPT_1,0.777547826101337,GLN,PRO,ASP,VAL,LEU,PHE,ALA,GLU,LEU,PRO,SER,TYR,GLN
4ZS6_1,0.422140627048022,GLN,PRO,GLY,PRO,LEU,TYR,TYR,GLY,LEU,GLY,SER,TYR,LEU
4ZTO_1,0.3083943165208,GLN,PRO,GLY,PRO,LEU,TYR,TYR,GLY,LEU,ALA,TRP,PHE,PRO
4ZYK_2,0.545213362083981,GLN,PRO,GLY,PRO,LEU,TYR,ALA,GLY,LEU,ALA,SER,TYR,GLN
5A3I_1,0.880399561372277,GLN,PRO,GLY,PRO,LEU,TYR,TRP,GLY,LEU,SER,SER,TYR,GLN
5ANM_1,1.19040083109871,GLN,PRO,GLY,PRO,LEU,TYR,ASN,GLY,LEU,ALA,LYS,TYR,ARG
5ANY_1,0.00190421066323934,GLU,PRO,ASP,PHE,GLY,PHE,PRO,GLY,PHE,ALA,GLU,PHE,GLN
5BO1_1,0.836812085166376,GLN,PRO,GLY,PRO,LEU,TYR,GLY,GLY,LEU,ALA,SER,TYR,GLN
5BVJ_1,2.22708490598051,GLN,PRO,ASP,PRO,LEU,TYR,GLY,GLY,LEU,ALA,SER,TYR,GLN
5CGY_1,1.73183249345325,MET,PRO,GLY,PRO,LEU,TYR,SER,GLY,PRO,ALA,ASP,TYR,HIS
5CHN_1,0.104505432511898,GLN,PRO,GLY,PRO,LEU,TYR,PHE,GLY,LEU,ALA,GLN,TYR,GLN
5CP7_1,0.628700371785256,GLN,PRO,GLY,PRO,ARG,TYR,SER,GLY,LEU,ASN,SER,TYR,GLN
5CSZ_1,0.646648444288316,GLN,PRO,GLY,PRO,LEU,TYR,ALA,GLY,LEU,ALA,SER,TYR,GLN
5CUS_1,1.38680212097533,GLN,PRO,GLY,PRO,LEU,TYR,TYR,GLY,LEU,ALA,SER,TYR,GLN
5CWS_1,0.190356681029324,GLN,PRO,GLY,PRO,LEU,TYR,SER,GLY,LEU,ALA,SER,TYR,GLN
5D6C_1,0.723680657030781,GLN,PRO,GLY,PRO,LEU,TYR,TRP,GLY,LEU,ALA,SER,TYR,GLN
5DFV_1,2.29716082947799,GLN,PRO,GLY,PRO,LEU,TYR,TRP,GLY,LEU,ASN,LYS,PHE,GLN
5DK3_1,0.081214749353185,GLN,PRO,GLY,PRO,LEU,TYR,TYR,GLY,LEU,ASN,LYS,TYR,GLN
5DLM_1,0.229231290538618,GLN,PRO,GLY,PRO,LEU,TYR,ALA,GLU,LEU,PRO,THR,TYR,GLN
5DO2_1,0.273249394774259,GLN,PRO,ASP,VAL,LEU,PHE,THR,GLU,LEU,PRO,SER,TYR,GLN
5DUR_1,0.0442804408514622,GLN,PRO,GLY,PRO,LEU,TYR,TYR,GLY,LEU,ASN,SER,TYR,GLN
5ESV_1,0.211903868729039,GLN,PRO,GLY,PRO,LEU,PHE,GLY,GLY,LEU,ALA,SER,TYR,ARG
8FAB_1,1.18415849243439,GLN,PRO,GLY,PRO,MET,TYR,GLY,GLY,LEU,GLY,SER,TYR,GLN
